tournament,year,team,stage,pre_tournament_elo,n_matches_form,win_rate,avg_goal_diff,goals_for_per_match,goals_against_per_match,avg_opponent_elo,stage_order,group,avg_group_elo,max_group_elo,elo_minus_avg_group,group_elo_rank
afc asian cup,2000,Japan,Champion,1552.15,11,0.682,1.909,2.455,0.545,1510.505,0,C,1529.55,1555.36,22.6,2.0
afc asian cup,2000,Saudi Arabia,Runner-up,1555.36,10,0.65,0.9,1.7,0.8,1522.967,1,C,1529.55,1555.36,25.81,1.0
afc asian cup,2000,China PR,Semi-Finalist,1526.89,12,0.583,2.417,3.167,0.75,1523.437,2,B,1549.32,1613.22,-22.43,3.0
afc asian cup,2000,South Korea,Semi-Finalist,1613.22,12,0.833,2.083,2.583,0.5,1523.562,2,B,1549.32,1613.22,63.9,1.0
afc asian cup,2000,Iran,Quarter-Finalist,1598.69,12,0.792,0.75,1.667,0.917,1507.288,3,A,1539.158,1598.69,59.533,1.0
afc asian cup,2000,Iraq,Quarter-Finalist,1569.28,11,0.682,0.727,1.545,0.818,1508.455,3,A,1539.158,1598.69,30.122,2.0
afc asian cup,2000,Kuwait,Quarter-Finalist,1525.32,11,0.636,3.0,3.818,0.818,1510.262,3,B,1549.32,1613.22,-24.0,4.0
afc asian cup,2000,Qatar,Quarter-Finalist,1515.35,12,0.625,1.0,2.0,1.0,1520.005,3,C,1529.55,1555.36,-14.2,3.0
afc asian cup,2000,Indonesia,Round of 16,1531.85,4,0.875,1.75,2.0,0.25,1534.738,4,B,1549.32,1613.22,-17.47,2.0
afc asian cup,2000,Lebanon,Round of 16,1488.96,12,0.5,0.25,1.25,1.0,1498.773,4,A,1539.158,1598.69,-50.197,4.0
afc asian cup,2000,Thailand,Round of 16,1499.7,12,0.542,0.25,2.167,1.917,1507.318,4,A,1539.158,1598.69,-39.457,3.0
afc asian cup,2000,Uzbekistan,Round of 16,1495.34,5,0.4,0.8,2.6,1.8,1528.758,4,C,1529.55,1555.36,-34.21,4.0
african cup of nations,2000,Cameroon,Champion,1508.08,2,0.5,0.0,1.0,1.0,1497.9,0,A,1505.248,1511.23,2.832,3.0
african cup of nations,2000,Nigeria,Runner-up,,0,,,,,,1,C,1504.895,1510.63,,
african cup of nations,2000,South Africa,Semi-Finalist,,0,,,,,,2,D,1496.535,1504.2,,
african cup of nations,2000,Tunisia,Semi-Finalist,1499.16,2,0.5,2.5,3.5,1.0,1494.6,2,C,1504.895,1510.63,-5.735,2.0
african cup of nations,2000,Algeria,Quarter-Finalist,1488.87,1,0.0,-1.0,0.0,1.0,1491.76,3,D,1496.535,1504.2,-7.665,2.0
african cup of nations,2000,Egypt,Quarter-Finalist,1487.93,3,0.333,-0.667,0.667,1.333,1492.943,3,B,1495.593,1502.89,-7.663,3.0
african cup of nations,2000,Ghana,Quarter-Finalist,1511.21,1,1.0,2.0,2.0,0.0,1510.37,3,A,1505.248,1511.23,5.963,2.0
african cup of nations,2000,Senegal,Quarter-Finalist,1495.96,1,0.5,0.0,0.0,0.0,1504.03,3,B,1495.593,1502.89,0.367,2.0
african cup of nations,2000,Burkina Faso,Round of 16,1502.89,3,0.667,0.333,1.333,1.0,1500.0,4,B,1495.593,1502.89,7.297,1.0
african cup of nations,2000,Congo,Round of 16,,0,,,,,,4,C,1504.895,1510.63,,
african cup of nations,2000,DR Congo,Round of 16,,0,,,,,,4,D,1496.535,1504.2,,
african cup of nations,2000,Gabon,Round of 16,1504.2,1,0.5,0.0,1.0,1.0,1500.0,4,D,1496.535,1504.2,7.665,1.0
african cup of nations,2000,Ivory Coast,Round of 16,1511.23,1,1.0,2.0,2.0,0.0,1510.8,4,A,1505.248,1511.23,5.983,1.0
african cup of nations,2000,Morocco,Round of 16,1510.63,1,1.0,1.0,1.0,0.0,1495.8,4,C,1504.895,1510.63,5.735,1.0
african cup of nations,2000,Togo,Round of 16,1490.47,3,0.333,-2.333,0.667,3.0,1499.857,4,A,1505.248,1511.23,-14.777,4.0
african cup of nations,2000,Zambia,Round of 16,,0,,,,,,4,B,1495.593,1502.89,,
uefa euro,2000,France,Champion,1570.95,6,0.917,1.667,2.5,0.833,1514.332,0,B,1521.16,1570.95,49.79,1.0
uefa euro,2000,Italy,Runner-up,1500.97,4,0.5,0.0,0.75,0.75,1511.8,1,A,1502.32,1515.06,-1.35,3.0
uefa euro,2000,Netherlands,Semi-Finalist,1528.61,5,0.8,0.8,1.8,1.0,1491.206,2,B,1521.16,1570.95,7.45,2.0
uefa euro,2000,Portugal,Semi-Finalist,1513.4,4,0.625,0.5,1.5,1.0,1495.53,2,C,1512.388,1523.12,1.013,2.0
uefa euro,2000,Romania,Quarter-Finalist,1500.8,7,0.5,0.143,1.429,1.286,1515.396,3,C,1512.388,1523.12,-11.588,4.0
uefa euro,2000,Serbia,Quarter-Finalist,1560.25,5,0.8,0.8,1.0,0.2,1544.91,3,D,1538.138,1560.25,22.112,1.0
uefa euro,2000,Spain,Quarter-Finalist,1546.09,5,0.8,1.2,1.4,0.2,1500.69,3,D,1538.138,1560.25,7.952,2.0
uefa euro,2000,Turkey,Quarter-Finalist,1480.79,1,0.0,-2.0,0.0,2.0,1499.83,3,A,1502.32,1515.06,-21.53,4.0
uefa euro,2000,Belgium,Round of 16,1515.06,4,0.625,0.5,1.75,1.25,1501.025,4,A,1502.32,1515.06,12.74,1.0
uefa euro,2000,Czech Republic,Round of 16,1517.07,5,0.6,0.8,2.6,1.8,1505.22,4,B,1521.16,1570.95,-4.09,3.0
uefa euro,2000,Denmark,Round of 16,1468.01,3,0.167,-0.667,1.0,1.667,1504.74,4,B,1521.16,1570.95,-53.15,4.0
uefa euro,2000,England,Round of 16,1523.12,4,0.75,0.75,1.25,0.5,1508.1,4,C,1512.388,1523.12,10.732,1.0
uefa euro,2000,Germany,Round of 16,1512.23,5,0.6,1.2,2.8,1.6,1501.906,4,C,1512.388,1523.12,-0.158,3.0
uefa euro,2000,Norway,Round of 16,1524.16,7,0.643,0.429,1.143,0.714,1502.833,4,D,1538.138,1560.25,-13.977,3.0
uefa euro,2000,Slovenia,Round of 16,1522.05,4,0.625,1.25,2.25,1.0,1501.085,4,D,1538.138,1560.25,-16.088,4.0
uefa euro,2000,Sweden,Round of 16,1512.46,5,0.5,0.0,0.8,0.8,1501.598,4,A,1502.32,1515.06,10.14,2.0
copa américa,2001,Colombia,Champion,1577.63,12,0.667,0.167,1.167,1.0,1520.352,0,A,1498.245,1581.31,79.385,2.0
copa américa,2001,Mexico,Runner-up,1481.61,12,0.333,-0.833,1.083,1.917,1568.76,1,B,1521.035,1576.77,-39.425,3.0
copa américa,2001,Honduras,Semi-Finalist,1577.86,12,0.542,0.917,2.417,1.5,1511.397,2,C,1538.708,1578.19,39.152,2.0
copa américa,2001,Uruguay,Semi-Finalist,1543.4,12,0.625,0.667,1.25,0.583,1513.911,2,C,1538.708,1578.19,4.693,3.0
copa américa,2001,Brazil,Quarter-Finalist,1562.79,12,0.5,0.5,1.333,0.833,1547.107,3,B,1521.035,1576.77,41.755,2.0
copa américa,2001,Chile,Quarter-Finalist,1428.62,12,0.25,-0.5,0.667,1.167,1521.32,3,A,1498.245,1581.31,-69.625,3.0
copa américa,2001,Costa Rica,Quarter-Finalist,1578.19,12,0.708,0.917,2.083,1.167,1546.247,3,C,1538.708,1578.19,39.483,1.0
copa américa,2001,Peru,Quarter-Finalist,1462.97,12,0.292,-0.583,0.75,1.333,1525.745,3,B,1521.035,1576.77,-58.065,4.0
copa américa,2001,Bolivia,Round of 16,1455.38,12,0.375,-0.583,1.0,1.583,1517.145,4,C,1538.708,1578.19,-83.327,4.0
copa américa,2001,Ecuador,Round of 16,1581.31,12,0.708,0.167,1.0,0.833,1521.734,4,A,1498.245,1581.31,83.065,1.0
copa américa,2001,Paraguay,Round of 16,1576.77,12,0.708,0.917,1.583,0.667,1527.116,4,B,1521.035,1576.77,55.735,1.0
copa américa,2001,Venezuela,Round of 16,1405.42,12,0.208,-1.667,1.167,2.833,1513.972,4,A,1498.245,1581.31,-92.825,4.0
african cup of nations,2002,Cameroon,Champion,1643.44,12,0.625,0.25,1.0,0.75,1545.924,0,B,1579.653,1643.44,63.787,1.0
african cup of nations,2002,Senegal,Runner-up,1576.94,12,0.708,1.333,1.833,0.5,1524.484,1,C,1568.075,1598.37,8.865,2.0
african cup of nations,2002,Mali,Semi-Finalist,1518.31,12,0.708,0.5,1.5,1.0,1516.898,2,A,1546.838,1622.63,-28.528,3.0
african cup of nations,2002,Nigeria,Semi-Finalist,1622.63,12,0.625,0.833,1.583,0.75,1529.778,2,A,1546.838,1622.63,75.793,1.0
african cup of nations,2002,DR Congo,Quarter-Finalist,1504.43,12,0.458,-0.833,0.917,1.75,1521.18,3,B,1579.653,1643.44,-75.223,4.0
african cup of nations,2002,Egypt,Quarter-Finalist,1561.94,12,0.542,0.583,1.917,1.333,1522.239,3,C,1568.075,1598.37,-6.135,3.0
african cup of nations,2002,Ghana,Quarter-Finalist,1520.6,12,0.583,0.167,1.333,1.167,1529.724,3,D,1539.45,1599.38,-18.85,3.0
african cup of nations,2002,South Africa,Quarter-Finalist,1599.38,12,0.625,0.5,1.167,0.667,1525.957,3,D,1539.45,1599.38,59.93,1.0
african cup of nations,2002,Algeria,Round of 16,1513.56,12,0.5,0.25,1.5,1.25,1530.818,4,A,1546.838,1622.63,-33.278,4.0
african cup of nations,2002,Burkina Faso,Round of 16,1460.88,12,0.375,-0.25,1.25,1.5,1539.248,4,D,1539.45,1599.38,-78.57,4.0
african cup of nations,2002,Ivory Coast,Round of 16,1602.07,12,0.708,1.333,2.083,0.75,1513.665,4,B,1579.653,1643.44,22.417,2.0
african cup of nations,2002,Liberia,Round of 16,1532.85,12,0.458,-0.5,1.333,1.833,1527.463,4,A,1546.838,1622.63,-13.988,2.0
african cup of nations,2002,Morocco,Round of 16,1576.94,12,0.625,0.583,1.25,0.667,1512.528,4,D,1539.45,1599.38,37.49,2.0
african cup of nations,2002,Togo,Round of 16,1568.67,12,0.667,0.5,1.5,1.0,1510.958,4,B,1579.653,1643.44,-10.983,3.0
african cup of nations,2002,Tunisia,Round of 16,1598.37,12,0.708,1.917,2.833,0.917,1526.562,4,C,1568.075,1598.37,30.295,1.0
african cup of nations,2002,Zambia,Round of 16,1535.05,12,0.583,0.25,1.417,1.167,1516.746,4,C,1568.075,1598.37,-33.025,4.0
fifa world cup,2002,Brazil,Champion,1633.96,12,0.792,1.917,2.583,0.667,1528.285,0,E,1587.308,1633.96,46.653,1.0
fifa world cup,2002,Germany,Runner-up,1583.0,12,0.667,1.75,3.083,1.333,1540.508,1,B,1621.705,1664.04,-38.705,4.0
fifa world cup,2002,South Korea,Semi-Finalist,1578.78,12,0.458,0.167,1.167,1.0,1586.467,2,H,1588.858,1641.48,-10.078,2.0
fifa world cup,2002,Turkey,Semi-Finalist,1529.05,12,0.625,0.917,1.667,0.75,1502.933,2,E,1587.308,1633.96,-58.257,4.0
fifa world cup,2002,England,Quarter-Finalist,1577.82,12,0.625,1.083,2.083,1.0,1573.016,3,C,1636.548,1690.9,-58.727,4.0
fifa world cup,2002,Senegal,Quarter-Finalist,1637.49,12,0.75,0.5,1.25,0.75,1563.973,3,A,1622.97,1663.86,14.52,2.0
fifa world cup,2002,Spain,Quarter-Finalist,1604.51,12,0.75,1.5,2.167,0.667,1527.152,3,D,1580.615,1604.51,23.895,1.0
fifa world cup,2002,United States,Quarter-Finalist,1578.69,12,0.625,1.0,1.833,0.833,1572.66,3,H,1588.858,1641.48,-10.168,3.0
fifa world cup,2002,Belgium,Round of 16,1603.61,12,0.75,0.667,1.417,0.75,1535.097,4,G,1581.95,1603.61,21.66,1.0
fifa world cup,2002,Denmark,Round of 16,1601.9,12,0.75,0.917,1.833,0.917,1559.906,4,A,1622.97,1663.86,-21.07,3.0
fifa world cup,2002,Italy,Round of 16,1630.49,12,0.792,0.917,1.333,0.417,1532.726,4,F,1600.162,1630.49,30.328,1.0
fifa world cup,2002,Japan,Round of 16,1597.11,12,0.625,0.25,1.333,1.083,1583.364,4,G,1581.95,1603.61,15.16,2.0
fifa world cup,2002,Mexico,Round of 16,1611.72,12,0.75,1.167,1.667,0.5,1549.153,4,F,1600.162,1630.49,11.558,2.0
fifa world cup,2002,Paraguay,Round of 16,1536.11,12,0.375,-0.75,1.417,2.167,1537.241,4,D,1580.615,1604.51,-44.505,4.0
fifa world cup,2002,Republic of Ireland,Round of 16,1613.48,12,0.75,1.25,1.917,0.667,1573.586,4,B,1621.705,1664.04,-8.225,3.0
fifa world cup,2002,Sweden,Round of 16,1603.86,12,0.708,1.25,2.0,0.75,1510.315,4,C,1636.548,1690.9,-32.688,3.0
fifa world cup,2002,Argentina,Group Stage,1673.61,12,0.792,1.25,2.167,0.917,1537.034,5,C,1636.548,1690.9,37.062,2.0
fifa world cup,2002,Cameroon,Group Stage,1664.04,12,0.75,0.917,1.5,0.583,1565.77,5,B,1621.705,1664.04,42.335,1.0
fifa world cup,2002,China PR,Group Stage,1586.08,12,0.625,0.583,1.083,0.5,1560.762,5,E,1587.308,1633.96,-1.227,3.0
fifa world cup,2002,Costa Rica,Group Stage,1600.14,12,0.542,0.167,1.083,0.917,1568.822,5,E,1587.308,1633.96,12.833,2.0
fifa world cup,2002,Croatia,Group Stage,1582.23,12,0.708,1.0,1.417,0.417,1520.622,5,F,1600.162,1630.49,-17.932,3.0
fifa world cup,2002,Ecuador,Group Stage,1576.21,12,0.625,0.667,1.167,0.5,1540.032,5,F,1600.162,1630.49,-23.952,4.0
fifa world cup,2002,France,Group Stage,1663.86,12,0.75,1.25,2.083,0.833,1550.684,5,A,1622.97,1663.86,40.89,1.0
fifa world cup,2002,Nigeria,Group Stage,1690.9,12,0.792,0.75,1.25,0.5,1539.999,5,C,1636.548,1690.9,54.353,1.0
fifa world cup,2002,Poland,Group Stage,1556.48,12,0.583,0.25,1.417,1.167,1510.611,5,H,1588.858,1641.48,-32.378,4.0
fifa world cup,2002,Portugal,Group Stage,1641.48,12,0.708,1.75,2.917,1.167,1537.573,5,H,1588.858,1641.48,52.622,1.0
fifa world cup,2002,Russia,Group Stage,1568.62,12,0.542,0.5,1.417,0.917,1514.47,5,G,1581.95,1603.61,-13.33,3.0
fifa world cup,2002,Saudi Arabia,Group Stage,1626.3,12,0.708,0.583,1.5,0.917,1541.152,5,B,1621.705,1664.04,4.595,2.0
fifa world cup,2002,Slovenia,Group Stage,1584.9,12,0.708,0.417,1.333,0.917,1556.363,5,D,1580.615,1604.51,4.285,3.0
fifa world cup,2002,South Africa,Group Stage,1596.94,12,0.583,0.167,0.833,0.667,1530.319,5,D,1580.615,1604.51,16.325,2.0
fifa world cup,2002,Tunisia,Group Stage,1558.46,12,0.458,0.417,1.25,0.833,1557.16,5,G,1581.95,1603.61,-23.49,4.0
fifa world cup,2002,Uruguay,Group Stage,1588.63,12,0.583,0.5,1.5,1.0,1584.543,5,A,1622.97,1663.86,-34.34,4.0
afc asian cup,2004,Japan,Champion,1652.75,12,0.833,1.583,2.25,0.667,1529.778,0,D,1605.112,1669.38,47.638,2.0
afc asian cup,2004,China PR,Runner-up,1591.52,12,0.917,1.583,2.0,0.417,1472.949,1,A,1566.815,1591.52,24.705,1.0
afc asian cup,2004,Bahrain,Semi-Finalist,1584.07,12,0.542,0.5,1.583,1.083,1524.734,2,A,1566.815,1591.52,17.255,2.0
afc asian cup,2004,Iran,Semi-Finalist,1669.38,12,0.917,2.833,3.333,0.5,1521.943,2,D,1605.112,1669.38,64.268,1.0
afc asian cup,2004,Iraq,Quarter-Finalist,1564.68,12,0.375,-0.25,1.167,1.417,1554.367,3,B,1598.3,1688.66,-33.62,4.0
afc asian cup,2004,Jordan,Quarter-Finalist,1647.98,12,0.667,0.583,1.0,0.417,1540.263,3,C,1552.175,1647.98,95.805,1.0
afc asian cup,2004,South Korea,Quarter-Finalist,1584.87,12,0.75,1.167,1.5,0.333,1551.794,3,C,1552.175,1647.98,32.695,2.0
afc asian cup,2004,Uzbekistan,Quarter-Finalist,1567.0,12,0.708,1.0,2.0,1.0,1481.586,3,B,1598.3,1688.66,-31.3,3.0
afc asian cup,2004,Indonesia,Round of 16,1527.76,12,0.458,-0.75,1.083,1.833,1506.059,4,A,1566.815,1591.52,-39.055,4.0
afc asian cup,2004,Kuwait,Round of 16,1475.38,12,0.417,0.167,1.25,1.083,1517.983,4,C,1552.175,1647.98,-76.795,4.0
afc asian cup,2004,Oman,Round of 16,1585.96,12,0.583,1.083,2.083,1.0,1508.953,4,D,1605.112,1669.38,-19.152,3.0
afc asian cup,2004,Qatar,Round of 16,1563.91,12,0.542,0.833,1.5,0.667,1533.325,4,A,1566.815,1591.52,-2.905,3.0
afc asian cup,2004,Saudi Arabia,Round of 16,1688.66,12,0.875,1.667,1.917,0.25,1506.805,4,B,1598.3,1688.66,90.36,1.0
afc asian cup,2004,Thailand,Round of 16,1512.36,12,0.458,0.083,1.417,1.333,1514.201,4,D,1605.112,1669.38,-92.753,4.0
afc asian cup,2004,Turkmenistan,Round of 16,1572.86,12,0.667,1.083,2.167,1.083,1483.7,4,B,1598.3,1688.66,-25.44,2.0
afc asian cup,2004,United Arab Emirates,Round of 16,1500.47,12,0.5,0.167,1.333,1.167,1535.149,4,C,1552.175,1647.98,-51.705,3.0
african cup of nations,2004,Tunisia,Champion,1587.09,12,0.75,0.667,1.167,0.5,1564.954,0,A,1562.255,1598.06,24.835,2.0
african cup of nations,2004,Morocco,Runner-up,1607.61,12,0.667,0.75,1.167,0.417,1520.817,1,D,1570.94,1641.13,36.67,2.0
african cup of nations,2004,Mali,Semi-Finalist,1662.58,12,0.917,1.333,1.667,0.333,1507.264,2,C,1596.02,1662.58,66.56,1.0
african cup of nations,2004,Nigeria,Semi-Finalist,1641.13,12,0.625,0.167,1.333,1.167,1535.265,2,D,1570.94,1641.13,70.19,1.0
african cup of nations,2004,Algeria,Quarter-Finalist,1532.74,12,0.583,0.5,1.333,0.833,1506.102,3,B,1615.208,1658.43,-82.467,4.0
african cup of nations,2004,Cameroon,Quarter-Finalist,1658.43,12,0.542,-0.083,0.583,0.667,1608.954,3,B,1615.208,1658.43,43.223,1.0
african cup of nations,2004,Guinea,Quarter-Finalist,1568.64,12,0.625,0.667,1.333,0.667,1502.499,3,A,1562.255,1598.06,6.385,3.0
african cup of nations,2004,Senegal,Quarter-Finalist,1661.8,12,0.625,0.5,1.25,0.75,1554.16,3,C,1596.02,1662.58,65.78,2.0
african cup of nations,2004,Benin,Round of 16,1458.56,12,0.458,-0.333,1.25,1.583,1487.101,4,D,1570.94,1641.13,-112.38,4.0
african cup of nations,2004,Burkina Faso,Round of 16,1516.69,12,0.542,0.5,1.167,0.667,1534.553,4,C,1596.02,1662.58,-79.33,4.0
african cup of nations,2004,DR Congo,Round of 16,1598.06,12,0.792,1.083,1.917,0.833,1477.89,4,A,1562.255,1598.06,35.805,1.0
african cup of nations,2004,Egypt,Round of 16,1651.69,12,0.833,1.583,2.417,0.833,1570.461,4,B,1615.208,1658.43,36.483,2.0
african cup of nations,2004,Kenya,Round of 16,1543.01,12,0.417,-0.25,1.083,1.333,1495.571,4,C,1596.02,1662.58,-53.01,3.0
african cup of nations,2004,Rwanda,Round of 16,1495.23,12,0.417,-0.583,1.083,1.667,1510.089,4,A,1562.255,1598.06,-67.025,4.0
african cup of nations,2004,South Africa,Round of 16,1576.46,12,0.458,0.0,1.167,1.167,1550.494,4,D,1570.94,1641.13,5.52,3.0
african cup of nations,2004,Zimbabwe,Round of 16,1617.97,12,0.75,1.083,2.0,0.917,1477.269,4,B,1615.208,1658.43,2.763,3.0
copa américa,2004,Brazil,Champion,1745.64,12,0.75,0.917,1.75,0.833,1598.966,0,C,1615.48,1745.64,130.16,1.0
copa américa,2004,Argentina,Runner-up,1719.26,12,0.667,0.5,1.583,1.083,1567.285,1,B,1610.782,1719.26,108.477,1.0
copa américa,2004,Colombia,Semi-Finalist,1598.69,12,0.458,0.167,1.25,1.083,1571.761,2,A,1517.692,1598.69,80.997,1.0
copa américa,2004,Uruguay,Semi-Finalist,1567.04,12,0.375,-0.5,1.833,2.333,1570.279,2,B,1610.782,1719.26,-43.743,3.0
copa américa,2004,Costa Rica,Quarter-Finalist,1584.24,12,0.5,0.417,1.917,1.5,1558.495,3,C,1615.48,1745.64,-31.24,3.0
copa américa,2004,Mexico,Quarter-Finalist,1601.45,12,0.667,2.0,2.667,0.667,1552.456,3,B,1610.782,1719.26,-9.332,2.0
copa américa,2004,Paraguay,Quarter-Finalist,1616.55,12,0.542,-0.083,1.0,1.083,1563.728,3,C,1615.48,1745.64,1.07,2.0
copa américa,2004,Peru,Quarter-Finalist,1503.84,12,0.458,0.167,1.25,1.083,1591.625,3,A,1517.692,1598.69,-13.853,3.0
copa américa,2004,Bolivia,Round of 16,1429.58,12,0.333,-0.917,1.083,2.0,1570.445,4,A,1517.692,1598.69,-88.113,4.0
copa américa,2004,Chile,Round of 16,1515.49,12,0.542,0.167,1.083,0.917,1586.315,4,C,1615.48,1745.64,-99.99,4.0
copa américa,2004,Ecuador,Round of 16,1555.38,12,0.458,0.0,1.333,1.333,1553.882,4,B,1610.782,1719.26,-55.402,4.0
copa américa,2004,Venezuela,Round of 16,1538.66,12,0.5,-0.083,1.083,1.167,1567.445,4,A,1517.692,1598.69,20.967,2.0
uefa euro,2004,Greece,Champion,1627.84,12,0.75,0.417,1.167,0.75,1552.057,0,A,1638.832,1716.46,-10.993,3.0
uefa euro,2004,Portugal,Runner-up,1636.23,12,0.708,1.5,2.583,1.083,1512.377,1,A,1638.832,1716.46,-2.602,2.0
uefa euro,2004,Czech Republic,Semi-Finalist,1670.36,12,0.792,2.0,2.917,0.917,1557.621,2,D,1607.085,1670.36,63.275,1.0
uefa euro,2004,Netherlands,Semi-Finalist,1669.83,12,0.583,1.333,2.0,0.667,1571.185,2,D,1607.085,1670.36,62.745,2.0
uefa euro,2004,Denmark,Quarter-Finalist,1633.53,12,0.583,0.083,1.25,1.167,1533.928,3,C,1633.588,1691.25,-0.058,2.0
uefa euro,2004,England,Quarter-Finalist,1640.1,12,0.708,0.917,1.917,1.0,1554.3,3,B,1644.132,1767.56,-4.033,2.0
uefa euro,2004,France,Quarter-Finalist,1767.56,12,0.917,2.0,2.167,0.167,1572.586,3,B,1644.132,1767.56,123.428,1.0
uefa euro,2004,Sweden,Quarter-Finalist,1608.39,12,0.542,0.667,1.75,1.083,1544.962,3,C,1633.588,1691.25,-25.197,3.0
uefa euro,2004,Bulgaria,Round of 16,1601.18,12,0.625,0.75,1.583,0.833,1532.265,4,C,1633.588,1691.25,-32.408,4.0
uefa euro,2004,Croatia,Round of 16,1639.46,12,0.667,0.417,1.333,0.917,1558.783,4,B,1644.132,1767.56,-4.672,3.0
uefa euro,2004,Germany,Round of 16,1620.31,12,0.625,0.75,1.833,1.083,1537.975,4,D,1607.085,1670.36,13.225,3.0
uefa euro,2004,Italy,Round of 16,1691.25,12,0.792,1.417,2.083,0.667,1571.312,4,C,1633.588,1691.25,57.662,1.0
uefa euro,2004,Latvia,Round of 16,1467.84,12,0.542,0.0,1.25,1.25,1526.983,4,D,1607.085,1670.36,-139.245,4.0
uefa euro,2004,Russia,Round of 16,1574.8,12,0.458,0.083,1.417,1.333,1531.856,4,A,1638.832,1716.46,-64.033,4.0
uefa euro,2004,Spain,Round of 16,1716.46,12,0.833,1.833,2.25,0.417,1529.052,4,A,1638.832,1716.46,77.628,1.0
uefa euro,2004,Switzerland,Round of 16,1529.41,12,0.417,-0.417,1.083,1.5,1561.266,4,B,1644.132,1767.56,-114.722,4.0
gold cup,2005,United States,Champion,1696.4,12,0.75,1.583,2.167,0.583,1567.158,0,B,1598.935,1696.4,97.465,1.0
gold cup,2005,Panama,Runner-up,1463.05,12,0.208,-1.167,0.333,1.5,1559.695,1,A,1556.712,1621.09,-93.663,4.0
gold cup,2005,Colombia,Semi-Finalist,1621.09,12,0.542,0.417,1.333,0.917,1627.595,2,A,1556.712,1621.09,64.377,1.0
gold cup,2005,Honduras,Semi-Finalist,1587.78,12,0.542,0.5,1.25,0.75,1555.84,2,A,1556.712,1621.09,31.067,2.0
gold cup,2005,Costa Rica,Quarter-Finalist,1573.77,12,0.542,0.083,1.333,1.25,1554.641,3,B,1598.935,1696.4,-25.165,3.0
gold cup,2005,Jamaica,Quarter-Finalist,1652.97,12,0.875,2.833,3.25,0.417,1519.781,3,C,1635.575,1722.9,17.395,2.0
gold cup,2005,Mexico,Quarter-Finalist,1722.9,12,0.667,0.5,1.417,0.917,1654.246,3,C,1635.575,1722.9,87.325,1.0
gold cup,2005,South Africa,Quarter-Finalist,1628.85,12,0.708,0.5,1.333,0.833,1529.973,3,C,1635.575,1722.9,-6.725,3.0
gold cup,2005,Canada,Round of 16,1510.19,12,0.417,0.0,1.25,1.25,1545.418,4,B,1598.935,1696.4,-88.745,4.0
gold cup,2005,Cuba,Round of 16,1615.38,12,0.75,1.167,1.833,0.667,1526.293,4,B,1598.935,1696.4,16.445,2.0
gold cup,2005,Guatemala,Round of 16,1537.58,12,0.458,0.083,1.583,1.5,1578.523,4,C,1635.575,1722.9,-97.995,4.0
gold cup,2005,Trinidad and Tobago,Round of 16,1554.93,12,0.458,-0.083,1.333,1.417,1551.666,4,A,1556.712,1621.09,-1.783,3.0
african cup of nations,2006,Egypt,Champion,1670.98,12,0.583,0.75,1.833,1.083,1578.928,0,A,1632.975,1691.67,38.005,2.0
african cup of nations,2006,Ivory Coast,Runner-up,1691.67,12,0.708,1.0,1.917,0.917,1570.955,1,A,1632.975,1691.67,58.695,1.0
african cup of nations,2006,Nigeria,Semi-Finalist,1689.07,12,0.667,0.833,1.917,1.083,1553.044,2,D,1631.428,1689.07,57.642,1.0
african cup of nations,2006,Senegal,Semi-Finalist,1672.49,12,0.667,0.75,1.75,1.0,1566.982,2,D,1631.428,1689.07,41.062,2.0
african cup of nations,2006,Cameroon,Quarter-Finalist,1685.23,12,0.708,0.5,1.5,1.0,1589.725,3,B,1619.93,1685.23,65.3,1.0
african cup of nations,2006,DR Congo,Quarter-Finalist,1541.1,12,0.458,-0.333,1.167,1.5,1581.281,3,B,1619.93,1685.23,-78.83,4.0
african cup of nations,2006,Guinea,Quarter-Finalist,1592.5,12,0.583,0.0,1.333,1.333,1530.303,3,C,1618.688,1679.4,-26.188,3.0
african cup of nations,2006,Tunisia,Quarter-Finalist,1679.4,12,0.75,0.75,1.667,0.917,1600.618,3,C,1618.688,1679.4,60.713,1.0
african cup of nations,2006,Angola,Round of 16,1609.06,12,0.5,-0.083,1.083,1.167,1557.517,4,B,1619.93,1685.23,-10.87,3.0
african cup of nations,2006,Ghana,Round of 16,1576.74,12,0.667,0.833,1.5,0.667,1560.876,4,D,1631.428,1689.07,-54.688,4.0
african cup of nations,2006,Libya,Round of 16,1509.03,12,0.25,-1.0,0.417,1.417,1586.179,4,A,1632.975,1691.67,-123.945,4.0
african cup of nations,2006,Morocco,Round of 16,1660.22,12,0.75,1.333,1.917,0.583,1560.544,4,A,1632.975,1691.67,27.245,3.0
african cup of nations,2006,South Africa,Round of 16,1591.34,12,0.375,-0.667,1.583,2.25,1586.403,4,C,1618.688,1679.4,-27.348,4.0
african cup of nations,2006,Togo,Round of 16,1644.33,12,0.708,0.583,1.667,1.083,1587.541,4,B,1619.93,1685.23,24.4,2.0
african cup of nations,2006,Zambia,Round of 16,1611.51,12,0.583,0.667,1.833,1.167,1553.586,4,C,1618.688,1679.4,-7.178,2.0
african cup of nations,2006,Zimbabwe,Round of 16,1587.41,12,0.5,-0.25,1.167,1.417,1547.206,4,D,1631.428,1689.07,-44.017,3.0
fifa world cup,2006,Italy,Champion,1735.14,12,0.75,0.917,1.75,0.833,1594.68,0,F,1696.81,1749.85,38.33,2.0
fifa world cup,2006,France,Runner-up,1743.73,12,0.833,1.417,2.0,0.583,1583.352,1,G,1658.86,1743.73,84.87,1.0
fifa world cup,2006,Germany,Semi-Finalist,1699.67,12,0.625,0.917,2.417,1.5,1624.371,2,A,1620.112,1699.67,79.558,1.0
fifa world cup,2006,Portugal,Semi-Finalist,1704.46,12,0.917,2.167,2.417,0.25,1446.359,2,D,1678.71,1746.38,25.75,2.0
fifa world cup,2006,Argentina,Quarter-Finalist,1738.82,12,0.5,0.25,1.75,1.5,1638.912,3,B,1706.245,1738.82,32.575,1.0
fifa world cup,2006,Brazil,Quarter-Finalist,1791.07,12,0.792,2.25,2.917,0.667,1601.683,3,E,1702.43,1791.07,88.64,1.0
fifa world cup,2006,England,Quarter-Finalist,1740.19,12,0.833,1.083,2.167,1.083,1578.497,3,C,1648.36,1740.19,91.83,1.0
fifa world cup,2006,Ukraine,Quarter-Finalist,1613.58,12,0.708,1.0,1.417,0.417,1530.784,3,H,1637.862,1748.94,-24.283,3.0
fifa world cup,2006,Australia,Round of 16,1696.8,12,0.625,1.083,2.333,1.25,1612.13,4,E,1702.43,1791.07,-5.63,2.0
fifa world cup,2006,Ecuador,Round of 16,1544.0,12,0.375,-0.333,0.833,1.167,1574.148,4,A,1620.112,1699.67,-76.112,4.0
fifa world cup,2006,Ghana,Round of 16,1603.39,12,0.542,0.667,1.583,0.917,1624.159,4,F,1696.81,1749.85,-93.42,4.0
fifa world cup,2006,Mexico,Round of 16,1673.6,12,0.583,0.167,1.25,1.083,1599.089,4,D,1678.71,1746.38,-5.11,3.0
fifa world cup,2006,Netherlands,Round of 16,1730.37,12,0.792,1.167,1.75,0.583,1592.802,4,B,1706.245,1738.82,24.125,3.0
fifa world cup,2006,Spain,Round of 16,1748.94,12,0.833,1.583,2.25,0.667,1572.096,4,H,1637.862,1748.94,111.078,1.0
fifa world cup,2006,Sweden,Round of 16,1650.11,12,0.542,0.167,1.25,1.083,1589.698,4,C,1648.36,1740.19,1.75,2.0
fifa world cup,2006,Switzerland,Round of 16,1634.68,12,0.708,0.917,1.917,1.0,1611.287,4,G,1658.86,1743.73,-24.18,3.0
fifa world cup,2006,Angola,Group Stage,1590.4,12,0.5,0.333,1.667,1.333,1589.609,5,D,1678.71,1746.38,-88.31,4.0
fifa world cup,2006,Costa Rica,Group Stage,1581.75,12,0.333,-0.5,1.333,1.833,1628.43,5,A,1620.112,1699.67,-38.362,3.0
fifa world cup,2006,Croatia,Group Stage,1660.39,12,0.542,0.417,1.583,1.167,1582.626,5,E,1702.43,1791.07,-42.04,4.0
fifa world cup,2006,Czech Republic,Group Stage,1749.85,12,0.708,1.167,2.0,0.833,1588.768,5,F,1696.81,1749.85,53.04,1.0
fifa world cup,2006,Iran,Group Stage,1746.38,12,0.792,1.333,2.25,0.917,1553.464,5,D,1678.71,1746.38,67.67,1.0
fifa world cup,2006,Ivory Coast,Group Stage,1730.41,12,0.625,0.417,1.333,0.917,1636.67,5,B,1706.245,1738.82,24.165,2.0
fifa world cup,2006,Japan,Group Stage,1661.46,12,0.583,0.667,1.667,1.0,1548.973,5,E,1702.43,1791.07,-40.97,3.0
fifa world cup,2006,Paraguay,Group Stage,1643.14,12,0.667,0.75,1.583,0.833,1558.634,5,C,1648.36,1740.19,-5.22,3.0
fifa world cup,2006,Poland,Group Stage,1655.03,12,0.667,0.833,1.833,1.0,1538.425,5,A,1620.112,1699.67,34.918,2.0
fifa world cup,2006,Saudi Arabia,Group Stage,1530.09,12,0.333,-0.333,1.083,1.417,1589.656,5,H,1637.862,1748.94,-107.773,4.0
fifa world cup,2006,Serbia,Group Stage,1625.38,12,0.583,0.333,1.167,0.833,1597.471,5,B,1706.245,1738.82,-80.865,4.0
fifa world cup,2006,South Korea,Group Stage,1662.34,12,0.625,0.333,1.0,0.667,1602.794,5,G,1658.86,1743.73,3.48,2.0
fifa world cup,2006,Togo,Group Stage,1594.69,12,0.417,-0.333,1.083,1.417,1560.174,5,G,1658.86,1743.73,-64.17,4.0
fifa world cup,2006,Trinidad and Tobago,Group Stage,1560.0,12,0.5,-0.25,1.083,1.333,1570.795,5,C,1648.36,1740.19,-88.36,4.0
fifa world cup,2006,Tunisia,Group Stage,1658.84,12,0.667,0.667,1.583,0.917,1610.827,5,H,1637.862,1748.94,20.977,2.0
fifa world cup,2006,United States,Group Stage,1698.86,12,0.708,1.0,1.75,0.75,1571.846,5,F,1696.81,1749.85,2.05,3.0
afc asian cup,2007,Iraq,Champion,1605.88,12,0.458,-0.167,0.75,0.917,1580.222,0,A,1603.258,1663.66,2.622,3.0
afc asian cup,2007,Saudi Arabia,Runner-up,1623.11,12,0.708,0.583,1.5,0.917,1549.273,1,C,1568.988,1639.26,54.122,2.0
afc asian cup,2007,Japan,Semi-Finalist,1651.08,12,0.667,0.75,1.333,0.583,1558.38,2,B,1562.67,1651.08,88.41,1.0
afc asian cup,2007,South Korea,Semi-Finalist,1639.26,12,0.458,0.25,1.5,1.25,1641.172,2,C,1568.988,1639.26,70.273,1.0
afc asian cup,2007,Australia,Quarter-Finalist,1663.66,12,0.458,0.083,1.25,1.167,1620.724,3,A,1603.258,1663.66,60.402,1.0
afc asian cup,2007,Iran,Quarter-Finalist,1740.27,12,0.75,1.0,1.75,0.75,1582.767,3,D,1561.178,1740.27,179.092,1.0
afc asian cup,2007,Uzbekistan,Quarter-Finalist,1584.04,12,0.5,0.75,1.667,0.917,1480.632,3,D,1561.178,1740.27,22.862,2.0
afc asian cup,2007,Vietnam,Quarter-Finalist,1500.55,12,0.625,1.167,2.333,1.167,1457.452,3,B,1562.67,1651.08,-62.12,4.0
afc asian cup,2007,Bahrain,Round of 16,1500.0,12,0.333,-0.583,1.0,1.583,1575.515,4,C,1568.988,1639.26,-68.987,4.0
afc asian cup,2007,China PR,Round of 16,1543.73,12,0.417,-0.5,1.083,1.583,1566.261,4,D,1561.178,1740.27,-17.447,3.0
afc asian cup,2007,Indonesia,Round of 16,1513.58,12,0.5,0.083,1.333,1.25,1492.506,4,C,1568.988,1639.26,-55.408,3.0
afc asian cup,2007,Malaysia,Round of 16,1376.67,12,0.417,0.333,1.25,0.917,1464.537,4,D,1561.178,1740.27,-184.507,4.0
afc asian cup,2007,Oman,Round of 16,1644.78,12,0.667,0.167,1.25,1.083,1529.94,4,A,1603.258,1663.66,41.522,2.0
afc asian cup,2007,Qatar,Round of 16,1545.64,12,0.458,0.167,1.167,1.0,1529.534,4,B,1562.67,1651.08,-17.03,3.0
afc asian cup,2007,Thailand,Round of 16,1498.71,12,0.667,0.75,1.5,0.75,1501.102,4,A,1603.258,1663.66,-104.548,4.0
afc asian cup,2007,United Arab Emirates,Round of 16,1553.41,12,0.625,0.083,1.667,1.583,1535.318,4,B,1562.67,1651.08,-9.26,2.0
copa américa,2007,Brazil,Champion,1827.73,12,0.708,1.0,1.583,0.583,1656.39,0,B,1668.56,1827.73,159.17,1.0
copa américa,2007,Argentina,Runner-up,1759.52,12,0.667,0.667,1.667,1.0,1679.705,1,C,1694.52,1759.52,65.0,1.0
copa américa,2007,Mexico,Semi-Finalist,1670.63,12,0.667,0.667,1.667,1.0,1604.862,2,B,1668.56,1827.73,2.07,2.0
copa américa,2007,Uruguay,Semi-Finalist,1707.27,12,0.75,1.0,1.583,0.583,1574.452,2,A,1547.138,1707.27,160.132,1.0
copa américa,2007,Chile,Quarter-Finalist,1636.13,12,0.708,0.333,1.25,0.917,1606.688,3,B,1668.56,1827.73,-32.43,3.0
copa américa,2007,Paraguay,Quarter-Finalist,1623.99,12,0.417,-0.167,0.75,0.917,1602.651,3,C,1694.52,1759.52,-70.53,4.0
copa américa,2007,Peru,Quarter-Finalist,1510.78,12,0.375,-0.417,1.083,1.5,1567.993,3,A,1547.138,1707.27,-36.358,2.0
copa américa,2007,Venezuela,Quarter-Finalist,1508.61,12,0.625,0.417,1.833,1.417,1582.752,3,A,1547.138,1707.27,-38.528,3.0
copa américa,2007,Bolivia,Round of 16,1461.89,12,0.375,-0.333,1.333,1.667,1588.583,4,A,1547.138,1707.27,-85.247,4.0
copa américa,2007,Colombia,Round of 16,1674.12,12,0.75,0.833,1.667,0.833,1612.702,4,C,1694.52,1759.52,-20.4,3.0
copa américa,2007,Ecuador,Round of 16,1539.75,12,0.333,-0.5,1.167,1.667,1629.024,4,B,1668.56,1827.73,-128.81,4.0
copa américa,2007,United States,Round of 16,1720.45,12,0.833,1.333,2.0,0.667,1564.566,4,C,1694.52,1759.52,25.93,2.0
gold cup,2007,United States,Champion,1687.56,12,0.542,0.167,1.333,1.167,1605.038,0,B,1513.685,1687.56,173.875,1.0
gold cup,2007,Mexico,Runner-up,1665.37,12,0.458,0.333,1.583,1.25,1662.478,1,C,1589.635,1665.37,75.735,1.0
gold cup,2007,Canada,Semi-Finalist,1547.68,12,0.5,0.167,1.083,0.917,1554.062,2,A,1577.752,1622.8,-30.072,4.0
gold cup,2007,Guadeloupe,Semi-Finalist,1549.97,12,0.5,0.083,1.75,1.667,1505.903,2,A,1577.752,1622.8,-27.783,3.0
gold cup,2007,Costa Rica,Quarter-Finalist,1590.56,12,0.625,1.0,1.833,0.833,1539.449,3,A,1577.752,1622.8,12.807,2.0
gold cup,2007,Guatemala,Quarter-Finalist,1500.33,12,0.417,-0.25,0.75,1.0,1501.287,3,B,1513.685,1687.56,-13.355,3.0
gold cup,2007,Honduras,Quarter-Finalist,1608.63,12,0.667,1.083,2.25,1.167,1468.441,3,C,1589.635,1665.37,18.995,2.0
gold cup,2007,Panama,Quarter-Finalist,1509.84,12,0.458,-0.417,0.917,1.333,1532.51,3,C,1589.635,1665.37,-79.795,4.0
gold cup,2007,Cuba,Round of 16,1574.7,12,0.458,-0.417,0.917,1.333,1562.079,4,C,1589.635,1665.37,-14.935,3.0
gold cup,2007,El Salvador,Round of 16,1333.6,12,0.25,-1.083,0.417,1.5,1518.389,4,B,1513.685,1687.56,-180.085,4.0
gold cup,2007,Haiti,Round of 16,1622.8,12,0.792,1.25,1.833,0.583,1529.358,4,A,1577.752,1622.8,45.047,1.0
gold cup,2007,Trinidad and Tobago,Round of 16,1533.25,12,0.5,-0.083,1.75,1.833,1544.804,4,B,1513.685,1687.56,19.565,2.0
african cup of nations,2008,Egypt,Champion,1682.73,12,0.708,0.667,1.417,0.75,1540.168,0,C,1632.14,1682.73,50.59,1.0
african cup of nations,2008,Cameroon,Runner-up,1673.01,12,0.583,0.5,1.5,1.0,1528.747,1,C,1632.14,1682.73,40.87,2.0
african cup of nations,2008,Ghana,Semi-Finalist,1701.05,12,0.708,0.667,1.75,1.083,1629.98,2,A,1609.68,1701.05,91.37,1.0
african cup of nations,2008,Ivory Coast,Semi-Finalist,1710.23,12,0.75,1.917,2.417,0.5,1524.28,2,B,1627.28,1710.23,82.95,1.0
african cup of nations,2008,Angola,Quarter-Finalist,1555.97,12,0.417,-0.25,1.167,1.417,1518.352,3,D,1617.615,1708.52,-61.645,4.0
african cup of nations,2008,Guinea,Quarter-Finalist,1646.35,12,0.583,1.083,1.833,0.75,1545.259,3,A,1609.68,1701.05,36.67,3.0
african cup of nations,2008,Nigeria,Quarter-Finalist,1709.6,12,0.667,0.417,1.25,0.833,1525.288,3,B,1627.28,1710.23,82.32,2.0
african cup of nations,2008,Tunisia,Quarter-Finalist,1632.5,12,0.708,1.083,1.667,0.583,1518.043,3,D,1617.615,1708.52,14.885,2.0
african cup of nations,2008,Benin,Round of 16,1447.35,12,0.458,0.167,1.417,1.25,1576.487,4,B,1627.28,1710.23,-179.93,4.0
african cup of nations,2008,Mali,Round of 16,1641.94,12,0.667,0.917,1.833,0.917,1504.893,4,B,1627.28,1710.23,14.66,3.0
african cup of nations,2008,Morocco,Round of 16,1683.9,12,0.792,1.333,1.917,0.583,1581.944,4,A,1609.68,1701.05,74.22,2.0
african cup of nations,2008,Namibia,Round of 16,1407.42,12,0.375,-0.667,1.0,1.667,1562.502,4,A,1609.68,1701.05,-202.26,4.0
african cup of nations,2008,Senegal,Round of 16,1708.52,12,0.792,1.083,2.25,1.167,1527.344,4,D,1617.615,1708.52,90.905,1.0
african cup of nations,2008,South Africa,Round of 16,1573.47,12,0.542,0.333,1.083,0.75,1578.205,4,D,1617.615,1708.52,-44.145,3.0
african cup of nations,2008,Sudan,Round of 16,1558.79,12,0.708,0.0,1.333,1.333,1510.206,4,C,1632.14,1682.73,-73.35,4.0
african cup of nations,2008,Zambia,Round of 16,1614.03,12,0.417,-0.25,1.0,1.25,1548.628,4,C,1632.14,1682.73,-18.11,3.0
uefa euro,2008,Spain,Champion,1803.28,12,0.917,1.25,1.667,0.417,1569.967,0,D,1690.885,1803.28,112.395,1.0
uefa euro,2008,Germany,Runner-up,1773.33,12,0.792,1.25,2.0,0.75,1594.037,1,B,1655.66,1773.33,117.67,1.0
uefa euro,2008,Russia,Semi-Finalist,1645.84,12,0.667,1.0,2.083,1.083,1549.052,2,D,1690.885,1803.28,-45.045,3.0
uefa euro,2008,Turkey,Semi-Finalist,1644.03,12,0.583,0.333,1.333,1.0,1547.442,2,A,1670.195,1738.7,-26.165,3.0
uefa euro,2008,Croatia,Quarter-Finalist,1723.53,12,0.708,0.917,1.917,1.0,1539.802,3,B,1655.66,1773.33,67.87,2.0
uefa euro,2008,Italy,Quarter-Finalist,1776.58,12,0.792,1.0,1.833,0.833,1549.758,3,C,1761.085,1782.71,15.495,2.0
uefa euro,2008,Netherlands,Quarter-Finalist,1776.31,12,0.708,1.0,1.75,0.75,1554.089,3,C,1761.085,1782.71,15.225,3.0
uefa euro,2008,Portugal,Quarter-Finalist,1686.71,12,0.625,0.333,1.333,1.0,1534.651,3,A,1670.195,1738.7,16.515,2.0
uefa euro,2008,Austria,Round of 16,1465.58,12,0.375,-0.333,1.167,1.5,1650.431,4,B,1655.66,1773.33,-190.08,4.0
uefa euro,2008,Czech Republic,Round of 16,1738.7,12,0.792,1.167,1.667,0.5,1543.042,4,A,1670.195,1738.7,68.505,1.0
uefa euro,2008,France,Round of 16,1782.71,12,0.667,0.917,1.417,0.5,1604.287,4,C,1761.085,1782.71,21.625,1.0
uefa euro,2008,Greece,Round of 16,1674.24,12,0.75,0.917,2.083,1.167,1526.402,4,D,1690.885,1803.28,-16.645,2.0
uefa euro,2008,Poland,Round of 16,1660.2,12,0.625,0.417,1.333,0.917,1564.482,4,B,1655.66,1773.33,4.54,3.0
uefa euro,2008,Romania,Round of 16,1708.74,12,0.75,1.5,2.167,0.667,1556.077,4,C,1761.085,1782.71,-52.345,4.0
uefa euro,2008,Sweden,Round of 16,1640.18,12,0.542,0.0,0.833,0.833,1575.346,4,D,1690.885,1803.28,-50.705,4.0
uefa euro,2008,Switzerland,Round of 16,1611.34,12,0.458,-0.083,1.5,1.583,1625.326,4,A,1670.195,1738.7,-58.855,4.0
gold cup,2009,Mexico,Champion,1632.87,12,0.5,0.417,1.583,1.167,1590.504,0,C,1540.425,1632.87,92.445,1.0
gold cup,2009,United States,Runner-up,1735.69,12,0.625,0.5,1.917,1.417,1696.425,1,B,1594.388,1735.69,141.302,1.0
gold cup,2009,Costa Rica,Semi-Finalist,1694.57,12,0.833,1.25,1.917,0.667,1571.34,2,A,1604.855,1694.57,89.715,1.0
gold cup,2009,Honduras,Semi-Finalist,1683.93,12,0.708,0.833,1.583,0.75,1553.167,2,B,1594.388,1735.69,89.543,2.0
gold cup,2009,Canada,Quarter-Finalist,1568.66,12,0.458,0.167,1.75,1.583,1594.609,3,A,1604.855,1694.57,-36.195,3.0
gold cup,2009,Guadeloupe,Quarter-Finalist,1616.3,12,0.667,1.25,2.25,1.0,1514.996,3,C,1540.425,1632.87,75.875,2.0
gold cup,2009,Haiti,Quarter-Finalist,1480.07,12,0.292,-0.833,0.75,1.583,1565.066,3,B,1594.388,1735.69,-114.318,3.0
gold cup,2009,Panama,Quarter-Finalist,1527.58,12,0.333,-0.5,0.917,1.417,1589.225,3,C,1540.425,1632.87,-12.845,3.0
gold cup,2009,El Salvador,Round of 16,1515.79,12,0.458,-0.083,1.167,1.25,1619.273,4,A,1604.855,1694.57,-89.065,4.0
gold cup,2009,Grenada,Round of 16,1477.86,12,0.458,-0.583,1.667,2.25,1512.797,4,B,1594.388,1735.69,-116.528,4.0
gold cup,2009,Jamaica,Round of 16,1640.4,12,0.833,1.5,2.083,0.583,1515.015,4,A,1604.855,1694.57,35.545,2.0
gold cup,2009,Nicaragua,Round of 16,1384.95,12,0.333,-1.083,1.0,2.083,1483.738,4,C,1540.425,1632.87,-155.475,4.0
fifa world cup,2010,Spain,Champion,1952.88,12,1.0,2.417,3.333,0.917,1585.478,0,H,1731.9,1952.88,220.98,1.0
fifa world cup,2010,Netherlands,Runner-up,1828.17,12,0.833,1.417,2.0,0.583,1648.737,1,F,1696.322,1828.17,131.848,1.0
fifa world cup,2010,Germany,Semi-Finalist,1765.57,12,0.792,1.75,2.417,0.667,1529.922,2,D,1713.338,1765.57,52.232,1.0
fifa world cup,2010,Uruguay,Semi-Finalist,1719.31,12,0.542,0.167,1.333,1.167,1638.584,2,A,1693.625,1734.06,25.685,2.0
fifa world cup,2010,Argentina,Quarter-Finalist,1805.02,12,0.667,0.833,2.0,1.167,1668.417,3,B,1719.768,1805.02,85.253,1.0
fifa world cup,2010,Brazil,Quarter-Finalist,1919.4,12,0.875,1.5,2.167,0.667,1610.081,3,G,1742.415,1919.4,176.985,1.0
fifa world cup,2010,Ghana,Quarter-Finalist,1650.63,12,0.458,-0.333,0.75,1.083,1602.819,3,D,1713.338,1765.57,-62.707,4.0
fifa world cup,2010,Paraguay,Quarter-Finalist,1667.2,12,0.542,0.0,1.0,1.0,1641.849,3,E,1636.838,1750.22,30.362,2.0
fifa world cup,2010,Chile,Round of 16,1753.52,12,0.792,1.0,1.833,0.833,1625.769,4,H,1731.9,1952.88,21.62,2.0
fifa world cup,2010,England,Round of 16,1816.18,12,0.792,1.833,2.667,0.833,1626.278,4,C,1664.065,1816.18,152.115,1.0
fifa world cup,2010,Japan,Round of 16,1644.03,12,0.458,0.0,1.167,1.167,1610.541,4,F,1696.322,1828.17,-52.293,3.0
fifa world cup,2010,Mexico,Round of 16,1734.06,12,0.75,1.083,1.75,0.667,1621.219,4,A,1693.625,1734.06,40.435,1.0
fifa world cup,2010,Portugal,Round of 16,1729.82,12,0.875,1.667,1.833,0.167,1495.382,4,G,1742.415,1919.4,-12.595,3.0
fifa world cup,2010,Slovakia,Round of 16,1560.57,12,0.625,0.917,1.75,0.833,1585.639,4,E,1636.838,1750.22,-76.268,4.0
fifa world cup,2010,South Korea,Round of 16,1749.58,12,0.583,0.667,1.583,0.917,1627.1,4,B,1719.768,1805.02,29.812,2.0
fifa world cup,2010,United States,Round of 16,1699.59,12,0.542,-0.083,1.667,1.75,1640.517,4,C,1664.065,1816.18,35.525,2.0
fifa world cup,2010,Algeria,Group Stage,1591.52,12,0.458,-0.833,0.75,1.583,1630.116,5,C,1664.065,1816.18,-72.545,3.0
fifa world cup,2010,Australia,Group Stage,1728.51,12,0.75,0.583,1.5,0.917,1636.921,5,D,1713.338,1765.57,15.172,2.0
fifa world cup,2010,Cameroon,Group Stage,1675.38,12,0.458,-0.083,1.333,1.417,1605.967,5,F,1696.322,1828.17,-20.942,2.0
fifa world cup,2010,Denmark,Group Stage,1637.71,12,0.458,0.083,0.917,0.833,1624.411,5,F,1696.322,1828.17,-58.612,4.0
fifa world cup,2010,France,Group Stage,1717.08,12,0.667,0.667,1.417,0.75,1590.728,5,A,1693.625,1734.06,23.455,3.0
fifa world cup,2010,Greece,Group Stage,1605.45,12,0.5,-0.167,1.167,1.333,1573.225,5,B,1719.768,1805.02,-114.317,4.0
fifa world cup,2010,Honduras,Group Stage,1637.32,12,0.417,-0.167,1.25,1.417,1585.74,5,H,1731.9,1952.88,-94.58,3.0
fifa world cup,2010,Italy,Group Stage,1750.22,12,0.542,0.083,1.0,0.917,1649.973,5,E,1636.838,1750.22,113.382,1.0
fifa world cup,2010,Ivory Coast,Group Stage,1734.46,12,0.667,1.0,1.917,0.917,1596.382,5,G,1742.415,1919.4,-7.955,2.0
fifa world cup,2010,New Zealand,Group Stage,1569.36,12,0.375,-0.75,0.833,1.583,1649.193,5,E,1636.838,1750.22,-67.478,3.0
fifa world cup,2010,Nigeria,Group Stage,1719.02,12,0.708,0.75,1.583,0.833,1588.39,5,B,1719.768,1805.02,-0.747,3.0
fifa world cup,2010,North Korea,Group Stage,1585.98,12,0.417,0.333,1.417,1.083,1579.438,5,G,1742.415,1919.4,-156.435,4.0
fifa world cup,2010,Serbia,Group Stage,1708.64,12,0.75,1.333,2.0,0.667,1596.148,5,D,1713.338,1765.57,-4.697,3.0
fifa world cup,2010,Slovenia,Group Stage,1548.97,12,0.625,1.167,1.917,0.75,1548.733,5,C,1664.065,1816.18,-115.095,4.0
fifa world cup,2010,South Africa,Group Stage,1604.05,12,0.75,1.333,1.667,0.333,1592.752,5,A,1693.625,1734.06,-89.575,4.0
fifa world cup,2010,Switzerland,Group Stage,1583.88,12,0.542,0.417,1.167,0.75,1566.658,5,H,1731.9,1952.88,-148.02,4.0
afc asian cup,2011,Japan,Champion,1712.97,12,0.5,-0.25,0.75,1.0,1714.524,0,B,1604.482,1712.97,108.487,1.0
afc asian cup,2011,Australia,Runner-up,1720.71,12,0.542,-0.5,0.833,1.333,1644.532,1,C,1597.25,1734.64,123.46,2.0
afc asian cup,2011,South Korea,Semi-Finalist,1734.64,12,0.5,0.083,1.083,1.0,1691.624,2,C,1597.25,1734.64,137.39,1.0
afc asian cup,2011,Uzbekistan,Semi-Finalist,1540.27,12,0.417,-0.25,1.417,1.667,1513.045,2,A,1593.335,1657.63,-53.065,3.0
afc asian cup,2011,Iran,Quarter-Finalist,1696.4,12,0.792,0.833,1.667,0.833,1601.234,3,D,1614.468,1696.4,81.933,1.0
afc asian cup,2011,Iraq,Quarter-Finalist,1622.6,12,0.583,0.25,1.25,1.0,1586.46,3,D,1614.468,1696.4,8.132,3.0
afc asian cup,2011,Jordan,Quarter-Finalist,1487.79,12,0.583,0.333,1.417,1.083,1550.774,3,B,1604.482,1712.97,-116.693,4.0
afc asian cup,2011,Qatar,Quarter-Finalist,1536.39,12,0.417,-0.25,1.0,1.25,1568.319,3,A,1593.335,1657.63,-56.945,4.0
afc asian cup,2011,Bahrain,Round of 16,1534.81,12,0.375,-0.5,1.167,1.667,1572.358,4,C,1597.25,1734.64,-62.44,3.0
afc asian cup,2011,China PR,Round of 16,1657.63,12,0.667,0.333,1.417,1.083,1603.496,4,A,1593.335,1657.63,64.295,1.0
afc asian cup,2011,India,Round of 16,1398.84,12,0.292,-1.333,1.167,2.5,1513.503,4,C,1597.25,1734.64,-198.41,4.0
afc asian cup,2011,Kuwait,Round of 16,1639.05,12,0.75,1.5,2.417,0.917,1571.781,4,A,1593.335,1657.63,45.715,2.0
afc asian cup,2011,North Korea,Round of 16,1625.07,12,0.458,-0.75,1.0,1.75,1611.681,4,D,1614.468,1696.4,10.602,2.0
afc asian cup,2011,Saudi Arabia,Round of 16,1658.65,12,0.542,0.5,0.917,0.417,1570.342,4,B,1604.482,1712.97,54.168,2.0
afc asian cup,2011,Syria,Round of 16,1558.52,12,0.333,-0.25,1.0,1.25,1549.86,4,B,1604.482,1712.97,-45.963,3.0
afc asian cup,2011,United Arab Emirates,Round of 16,1513.8,12,0.542,0.583,1.333,0.75,1576.206,4,D,1614.468,1696.4,-100.668,4.0
copa américa,2011,Uruguay,Champion,1731.22,12,0.5,0.75,2.167,1.417,1648.568,0,C,1720.122,1793.66,11.098,3.0
copa américa,2011,Paraguay,Runner-up,1695.27,12,0.542,0.667,1.5,0.833,1632.048,1,B,1714.835,1902.66,-19.565,2.0
copa américa,2011,Peru,Semi-Finalist,1599.57,12,0.75,0.667,1.0,0.333,1624.255,2,C,1720.122,1793.66,-120.553,4.0
copa américa,2011,Venezuela,Semi-Finalist,1649.25,12,0.458,-0.417,1.333,1.75,1677.528,2,B,1714.835,1902.66,-65.585,3.0
copa américa,2011,Argentina,Quarter-Finalist,1807.53,12,0.625,0.75,2.0,1.25,1693.713,3,A,1630.348,1807.53,177.182,1.0
copa américa,2011,Brazil,Quarter-Finalist,1902.66,12,0.667,1.0,1.417,0.417,1730.388,3,B,1714.835,1902.66,187.825,1.0
copa américa,2011,Chile,Quarter-Finalist,1793.66,12,0.625,0.583,1.333,0.75,1683.188,3,C,1720.122,1793.66,73.538,1.0
copa américa,2011,Colombia,Quarter-Finalist,1650.99,12,0.5,0.167,0.917,0.75,1662.171,3,A,1630.348,1807.53,20.642,2.0
copa américa,2011,Bolivia,Round of 16,1454.71,12,0.208,-1.167,0.5,1.667,1635.958,4,A,1630.348,1807.53,-175.638,4.0
copa américa,2011,Costa Rica,Round of 16,1608.16,12,0.5,0.25,1.417,1.167,1614.36,4,A,1630.348,1807.53,-22.188,3.0
copa américa,2011,Ecuador,Round of 16,1612.16,12,0.458,0.0,1.25,1.25,1652.668,4,B,1714.835,1902.66,-102.675,4.0
copa américa,2011,Mexico,Round of 16,1756.04,12,0.833,1.75,2.583,0.833,1580.996,4,C,1720.122,1793.66,35.918,2.0
gold cup,2011,Mexico,Champion,1712.46,12,0.583,0.5,1.5,1.0,1677.866,0,A,1591.7,1712.46,120.76,1.0
gold cup,2011,United States,Runner-up,1660.95,12,0.417,-0.5,0.833,1.333,1720.998,1,C,1615.3,1660.95,45.65,1.0
gold cup,2011,Honduras,Semi-Finalist,1612.07,12,0.542,-0.417,1.25,1.667,1573.228,2,B,1549.87,1666.85,62.2,2.0
gold cup,2011,Panama,Semi-Finalist,1592.21,12,0.667,0.75,1.333,0.583,1508.247,2,C,1615.3,1660.95,-23.09,3.0
gold cup,2011,Costa Rica,Quarter-Finalist,1621.77,12,0.458,-0.083,1.083,1.167,1602.424,3,A,1591.7,1712.46,30.07,2.0
gold cup,2011,El Salvador,Quarter-Finalist,1483.42,12,0.417,-0.167,1.167,1.333,1543.803,3,A,1591.7,1712.46,-108.28,4.0
gold cup,2011,Guatemala,Quarter-Finalist,1471.96,12,0.458,-0.083,1.583,1.667,1521.857,3,B,1549.87,1666.85,-77.91,3.0
gold cup,2011,Jamaica,Quarter-Finalist,1666.85,12,0.75,0.917,1.75,0.833,1560.103,3,B,1549.87,1666.85,116.98,1.0
gold cup,2011,Canada,Round of 16,1572.5,12,0.292,-1.0,0.667,1.667,1624.597,4,C,1615.3,1660.95,-42.8,4.0
gold cup,2011,Cuba,Round of 16,1549.15,12,0.583,0.25,1.25,1.0,1485.944,4,A,1591.7,1712.46,-42.55,3.0
gold cup,2011,Grenada,Round of 16,1448.6,12,0.417,-0.25,0.833,1.083,1537.684,4,B,1549.87,1666.85,-101.27,4.0
gold cup,2011,Guadeloupe,Round of 16,1635.54,12,0.75,0.917,1.75,0.833,1527.675,4,C,1615.3,1660.95,20.24,2.0
african cup of nations,2012,Zambia,Champion,1580.82,12,0.5,0.417,1.417,1.0,1485.582,0,A,1554.055,1667.84,26.765,2.0
african cup of nations,2012,Ivory Coast,Runner-up,1803.37,12,0.875,1.5,2.417,0.917,1521.879,1,B,1614.122,1803.37,189.247,1.0
african cup of nations,2012,Ghana,Semi-Finalist,1702.48,12,0.667,0.917,1.5,0.583,1597.295,2,D,1603.662,1702.48,98.818,1.0
african cup of nations,2012,Mali,Semi-Finalist,1564.75,12,0.417,-0.083,1.333,1.417,1529.34,2,D,1603.662,1702.48,-38.912,3.0
african cup of nations,2012,Equatorial Guinea,Quarter-Finalist,1410.52,12,0.417,-0.25,0.917,1.167,1515.398,3,A,1554.055,1667.84,-143.535,4.0
african cup of nations,2012,Gabon,Quarter-Finalist,1558.86,12,0.375,-0.167,0.667,0.833,1588.65,3,C,1563.778,1628.47,-4.918,3.0
african cup of nations,2012,Sudan,Quarter-Finalist,1530.82,12,0.417,-0.417,0.583,1.0,1547.308,3,B,1614.122,1803.37,-83.303,4.0
african cup of nations,2012,Tunisia,Quarter-Finalist,1624.19,12,0.625,1.083,1.917,0.833,1535.079,3,C,1563.778,1628.47,60.413,2.0
african cup of nations,2012,Angola,Round of 16,1543.91,12,0.625,0.5,1.0,0.5,1529.379,4,B,1614.122,1803.37,-70.212,3.0
african cup of nations,2012,Botswana,Round of 16,1547.41,12,0.542,0.167,0.667,0.5,1471.506,4,D,1603.662,1702.48,-56.252,4.0
african cup of nations,2012,Burkina Faso,Round of 16,1578.39,12,0.625,0.583,1.5,0.917,1528.534,4,B,1614.122,1803.37,-35.732,2.0
african cup of nations,2012,Guinea,Round of 16,1600.01,12,0.583,0.417,1.583,1.167,1561.062,4,D,1603.662,1702.48,-3.652,2.0
african cup of nations,2012,Libya,Round of 16,1557.04,12,0.625,0.417,1.083,0.667,1516.548,4,A,1554.055,1667.84,2.985,3.0
african cup of nations,2012,Morocco,Round of 16,1628.47,12,0.667,0.917,1.417,0.5,1504.555,4,C,1563.778,1628.47,64.693,1.0
african cup of nations,2012,Niger,Round of 16,1443.59,12,0.417,-0.5,0.917,1.417,1562.134,4,C,1563.778,1628.47,-120.188,4.0
african cup of nations,2012,Senegal,Round of 16,1667.84,12,0.708,1.167,1.833,0.667,1537.829,4,A,1554.055,1667.84,113.785,1.0
uefa euro,2012,Spain,Champion,1947.09,12,0.792,1.917,2.667,0.75,1643.764,0,C,1770.36,1947.09,176.73,1.0
uefa euro,2012,Italy,Runner-up,1706.88,12,0.625,0.5,1.25,0.75,1619.112,1,C,1770.36,1947.09,-63.48,3.0
uefa euro,2012,Germany,Semi-Finalist,1807.98,12,0.75,1.167,2.833,1.667,1622.923,2,B,1763.192,1849.62,44.788,2.0
uefa euro,2012,Portugal,Semi-Finalist,1714.82,12,0.667,1.25,2.167,0.917,1550.839,2,B,1763.192,1849.62,-48.372,3.0
uefa euro,2012,Czech Republic,Quarter-Finalist,1664.6,12,0.583,0.417,1.417,1.0,1626.289,3,A,1679.62,1710.59,-15.02,3.0
uefa euro,2012,England,Quarter-Finalist,1814.13,12,0.792,0.833,1.583,0.75,1650.916,3,D,1754.798,1814.13,59.332,1.0
uefa euro,2012,France,Quarter-Finalist,1776.12,12,0.833,1.167,1.667,0.5,1589.918,3,D,1754.798,1814.13,21.322,2.0
uefa euro,2012,Greece,Quarter-Finalist,1662.66,12,0.667,0.417,1.25,0.833,1535.599,3,A,1679.62,1710.59,-16.96,4.0
uefa euro,2012,Croatia,Round of 16,1758.74,12,0.667,0.667,1.5,0.833,1579.785,4,C,1770.36,1947.09,-11.62,2.0
uefa euro,2012,Denmark,Round of 16,1680.35,12,0.708,0.75,1.75,1.0,1640.059,4,B,1763.192,1849.62,-82.842,4.0
uefa euro,2012,Netherlands,Round of 16,1849.62,12,0.625,1.5,2.417,0.917,1594.952,4,B,1763.192,1849.62,86.428,1.0
uefa euro,2012,Poland,Round of 16,1680.63,12,0.667,0.583,1.333,0.75,1605.399,4,A,1679.62,1710.59,1.01,2.0
uefa euro,2012,Republic of Ireland,Round of 16,1668.73,12,0.75,1.0,1.25,0.25,1541.096,4,C,1770.36,1947.09,-101.63,4.0
uefa euro,2012,Russia,Round of 16,1710.59,12,0.792,1.333,1.583,0.25,1573.092,4,A,1679.62,1710.59,30.97,1.0
uefa euro,2012,Sweden,Round of 16,1775.17,12,0.75,1.25,2.25,1.0,1594.009,4,D,1754.798,1814.13,20.372,3.0
uefa euro,2012,Ukraine,Round of 16,1653.77,12,0.458,-0.083,1.833,1.917,1611.382,4,D,1754.798,1814.13,-101.028,4.0
african cup of nations,2013,Nigeria,Champion,1676.97,12,0.583,0.667,1.5,0.833,1523.327,0,C,1577.35,1676.97,99.62,1.0
african cup of nations,2013,Burkina Faso,Runner-up,1538.8,12,0.417,-0.083,1.083,1.167,1517.787,1,C,1577.35,1676.97,-38.55,3.0
african cup of nations,2013,Ghana,Semi-Finalist,1708.18,12,0.583,0.833,1.667,0.833,1579.682,2,B,1571.34,1708.18,136.84,1.0
african cup of nations,2013,Mali,Semi-Finalist,1620.42,12,0.625,0.583,1.5,0.917,1578.038,2,B,1571.34,1708.18,49.08,2.0
african cup of nations,2013,Cape Verde,Quarter-Finalist,1524.36,12,0.458,0.25,1.5,1.25,1532.202,3,A,1560.852,1578.99,-36.493,4.0
african cup of nations,2013,Ivory Coast,Quarter-Finalist,1839.62,12,0.833,1.417,2.0,0.583,1584.037,3,D,1648.94,1839.62,190.68,1.0
african cup of nations,2013,South Africa,Quarter-Finalist,1577.2,12,0.5,0.333,1.0,0.667,1577.538,3,A,1560.852,1578.99,16.348,2.0
african cup of nations,2013,Togo,Quarter-Finalist,1514.23,12,0.5,-0.5,0.917,1.417,1526.879,3,D,1648.94,1839.62,-134.71,4.0
african cup of nations,2013,Algeria,Round of 16,1595.24,12,0.75,1.25,1.75,0.5,1526.716,4,D,1648.94,1839.62,-53.7,3.0
african cup of nations,2013,Angola,Round of 16,1578.99,12,0.667,0.583,1.083,0.5,1511.413,4,A,1560.852,1578.99,18.138,1.0
african cup of nations,2013,DR Congo,Round of 16,1519.41,12,0.625,1.333,2.0,0.667,1451.62,4,B,1571.34,1708.18,-51.93,3.0
african cup of nations,2013,Ethiopia,Round of 16,1479.02,12,0.542,0.0,1.25,1.25,1526.49,4,C,1577.35,1676.97,-98.33,4.0
african cup of nations,2013,Morocco,Round of 16,1562.86,12,0.458,-0.083,1.083,1.167,1543.606,4,A,1560.852,1578.99,2.007,3.0
african cup of nations,2013,Niger,Round of 16,1437.35,12,0.333,-0.167,0.833,1.0,1582.749,4,B,1571.34,1708.18,-133.99,4.0
african cup of nations,2013,Tunisia,Round of 16,1646.67,12,0.625,0.5,1.833,1.333,1570.448,4,D,1648.94,1839.62,-2.27,2.0
african cup of nations,2013,Zambia,Round of 16,1614.61,12,0.5,0.083,0.75,0.667,1588.072,4,C,1577.35,1676.97,37.26,2.0
gold cup,2013,United States,Champion,1735.51,12,0.708,0.5,1.667,1.167,1643.274,0,C,1587.998,1735.51,147.513,1.0
gold cup,2013,Panama,Runner-up,1635.0,12,0.542,0.333,1.25,0.917,1624.377,1,A,1627.93,1740.33,7.07,2.0
gold cup,2013,Honduras,Semi-Finalist,1586.12,12,0.417,-0.25,0.75,1.0,1623.707,2,B,1543.605,1586.12,42.515,1.0
gold cup,2013,Mexico,Semi-Finalist,1740.33,12,0.542,0.083,0.833,0.75,1674.005,2,A,1627.93,1740.33,112.4,1.0
gold cup,2013,Costa Rica,Quarter-Finalist,1683.2,12,0.792,0.833,1.167,0.333,1582.928,3,C,1587.998,1735.51,95.203,2.0
gold cup,2013,Cuba,Quarter-Finalist,1525.97,12,0.458,-0.083,0.917,1.0,1583.329,3,C,1587.998,1735.51,-62.027,3.0
gold cup,2013,El Salvador,Quarter-Finalist,1523.91,12,0.375,-0.75,0.75,1.5,1605.383,3,B,1543.605,1586.12,-19.695,3.0
gold cup,2013,Trinidad and Tobago,Quarter-Finalist,1521.23,12,0.375,0.083,1.333,1.25,1510.519,3,B,1543.605,1586.12,-22.375,4.0
gold cup,2013,Belize,Round of 16,1407.31,12,0.333,-0.5,0.667,1.167,1507.355,4,C,1587.998,1735.51,-180.688,4.0
gold cup,2013,Canada,Round of 16,1561.56,12,0.458,-0.5,0.75,1.25,1611.893,4,A,1627.93,1740.33,-66.37,4.0
gold cup,2013,Haiti,Round of 16,1543.16,12,0.417,-0.583,0.75,1.333,1588.816,4,B,1543.605,1586.12,-0.445,2.0
gold cup,2013,Martinique,Round of 16,1574.83,12,0.625,0.583,1.667,1.083,1530.685,4,A,1627.93,1740.33,-53.1,3.0
fifa world cup,2014,Germany,Champion,1864.25,12,0.75,1.417,2.583,1.167,1631.372,0,G,1787.942,1864.25,76.307,1.0
fifa world cup,2014,Argentina,Runner-up,1881.55,12,0.75,1.333,2.0,0.667,1673.956,1,E,1745.827,1881.55,135.723,1.0
fifa world cup,2014,Brazil,Semi-Finalist,1952.09,12,0.917,2.583,2.917,0.333,1715.232,2,A,1769.148,1952.09,182.942,1.0
fifa world cup,2014,Netherlands,Semi-Finalist,1803.51,12,0.708,1.167,1.917,0.75,1612.469,2,B,1812.398,1955.66,-8.888,2.0
fifa world cup,2014,Belgium,Quarter-Finalist,1711.56,12,0.708,0.833,1.917,1.083,1650.452,3,H,1691.218,1725.23,20.342,2.0
fifa world cup,2014,Colombia,Quarter-Finalist,1793.34,12,0.708,0.667,1.417,0.75,1722.419,3,C,1764.022,1793.34,29.317,1.0
fifa world cup,2014,Costa Rica,Quarter-Finalist,1634.73,12,0.333,-0.333,1.0,1.333,1669.667,3,D,1744.508,1811.88,-109.778,4.0
fifa world cup,2014,France,Quarter-Finalist,1775.8,12,0.708,1.917,2.583,0.667,1660.504,3,F,1710.64,1775.8,65.16,1.0
fifa world cup,2014,Algeria,Round of 16,1662.25,12,0.875,1.167,1.917,0.75,1531.787,4,H,1691.218,1725.23,-28.967,4.0
fifa world cup,2014,Chile,Round of 16,1803.25,12,0.708,1.417,2.5,1.083,1757.772,4,B,1812.398,1955.66,-9.148,3.0
fifa world cup,2014,Greece,Round of 16,1726.23,12,0.792,0.75,1.167,0.417,1525.623,4,C,1764.022,1793.34,-37.793,4.0
fifa world cup,2014,Mexico,Round of 16,1712.29,12,0.5,0.75,2.083,1.333,1700.788,4,A,1769.148,1952.09,-56.858,3.0
fifa world cup,2014,Nigeria,Round of 16,1724.07,12,0.625,0.5,1.583,1.083,1637.713,4,E,1745.827,1881.55,-21.757,2.0
fifa world cup,2014,Switzerland,Round of 16,1717.45,12,0.75,0.667,1.417,0.75,1580.733,4,F,1710.64,1775.8,6.81,3.0
fifa world cup,2014,United States,Round of 16,1779.83,12,0.708,0.5,1.583,1.083,1655.444,4,G,1787.942,1864.25,-8.113,3.0
fifa world cup,2014,Uruguay,Round of 16,1811.88,12,0.708,1.5,2.417,0.917,1683.707,4,D,1744.508,1811.88,67.372,1.0
fifa world cup,2014,Australia,Group Stage,1687.17,12,0.417,-0.583,1.5,2.083,1676.148,5,B,1812.398,1955.66,-125.227,4.0
fifa world cup,2014,Bosnia and Herzegovina,Group Stage,1674.92,12,0.667,0.917,2.0,1.083,1601.413,5,E,1745.827,1881.55,-70.907,4.0
fifa world cup,2014,Cameroon,Group Stage,1682.01,12,0.667,0.5,1.417,0.917,1615.191,5,A,1769.148,1952.09,-87.138,4.0
fifa world cup,2014,Croatia,Group Stage,1730.2,12,0.542,0.083,1.167,1.083,1580.32,5,A,1769.148,1952.09,-38.947,2.0
fifa world cup,2014,Ecuador,Group Stage,1740.84,12,0.417,-0.333,1.167,1.5,1774.654,5,F,1710.64,1775.8,30.2,2.0
fifa world cup,2014,England,Group Stage,1806.24,12,0.667,0.917,1.75,0.833,1666.681,5,D,1744.508,1811.88,61.732,2.0
fifa world cup,2014,Ghana,Group Stage,1702.21,12,0.5,0.583,1.667,1.083,1622.702,5,G,1787.942,1864.25,-85.733,4.0
fifa world cup,2014,Honduras,Group Stage,1608.47,12,0.5,-0.583,1.167,1.75,1676.491,5,F,1710.64,1775.8,-102.17,4.0
fifa world cup,2014,Iran,Group Stage,1702.77,12,0.792,1.25,1.833,0.583,1552.083,5,E,1745.827,1881.55,-43.057,3.0
fifa world cup,2014,Italy,Group Stage,1725.18,12,0.5,0.0,1.167,1.167,1691.609,5,D,1744.508,1811.88,-19.328,3.0
fifa world cup,2014,Ivory Coast,Group Stage,1781.16,12,0.583,0.5,1.917,1.417,1594.017,5,C,1764.022,1793.34,17.138,2.0
fifa world cup,2014,Japan,Group Stage,1755.36,12,0.708,0.667,2.25,1.583,1636.782,5,C,1764.022,1793.34,-8.663,3.0
fifa world cup,2014,Portugal,Group Stage,1805.48,12,0.792,1.25,2.167,0.917,1659.192,5,G,1787.942,1864.25,17.537,2.0
fifa world cup,2014,Russia,Group Stage,1725.23,12,0.708,1.083,1.75,0.667,1505.128,5,H,1691.218,1725.23,34.013,1.0
fifa world cup,2014,South Korea,Group Stage,1665.83,12,0.417,-0.5,1.167,1.667,1703.37,5,H,1691.218,1725.23,-25.388,3.0
fifa world cup,2014,Spain,Group Stage,1955.66,12,0.75,0.75,1.417,0.667,1631.285,5,B,1812.398,1955.66,143.263,1.0
afc asian cup,2015,Australia,Champion,1638.47,12,0.25,-0.833,1.0,1.833,1709.963,0,A,1617.95,1647.67,20.52,2.0
afc asian cup,2015,South Korea,Runner-up,1647.67,12,0.375,-0.417,1.0,1.417,1678.916,1,A,1617.95,1647.67,29.72,1.0
afc asian cup,2015,Iraq,Semi-Finalist,1532.55,12,0.375,-0.25,0.667,0.917,1600.876,2,D,1585.162,1711.5,-52.612,4.0
afc asian cup,2015,United Arab Emirates,Semi-Finalist,1640.14,12,0.583,0.0,1.0,1.0,1575.633,2,C,1629.995,1697.64,10.145,2.0
afc asian cup,2015,China PR,Quarter-Finalist,1611.89,12,0.625,0.583,1.5,0.917,1563.344,3,B,1607.878,1649.68,4.013,3.0
afc asian cup,2015,Iran,Quarter-Finalist,1697.64,12,0.583,0.333,1.167,0.833,1613.338,3,C,1629.995,1697.64,67.645,1.0
afc asian cup,2015,Japan,Quarter-Finalist,1711.5,12,0.583,0.167,1.75,1.583,1666.398,3,D,1585.162,1711.5,126.338,1.0
afc asian cup,2015,Uzbekistan,Quarter-Finalist,1649.68,12,0.625,0.5,1.083,0.583,1575.467,3,B,1607.878,1649.68,41.803,1.0
afc asian cup,2015,Bahrain,Round of 16,1558.2,12,0.625,0.333,0.833,0.5,1546.778,4,C,1629.995,1697.64,-71.795,4.0
afc asian cup,2015,Jordan,Round of 16,1554.09,12,0.25,-0.667,0.667,1.333,1585.935,4,D,1585.162,1711.5,-31.072,2.0
afc asian cup,2015,Kuwait,Round of 16,1598.55,12,0.5,-0.417,1.0,1.417,1542.046,4,A,1617.95,1647.67,-19.4,3.0
afc asian cup,2015,North Korea,Round of 16,1625.01,12,0.5,0.333,1.583,1.25,1507.723,4,B,1607.878,1649.68,17.132,2.0
afc asian cup,2015,Oman,Round of 16,1587.11,12,0.292,-0.5,1.25,1.75,1596.108,4,A,1617.95,1647.67,-30.84,4.0
afc asian cup,2015,Palestine,Round of 16,1542.51,12,0.667,0.667,1.75,1.083,1442.982,4,D,1585.162,1711.5,-42.652,3.0
afc asian cup,2015,Qatar,Round of 16,1624.0,12,0.75,1.25,1.917,0.667,1564.134,4,C,1629.995,1697.64,-5.995,3.0
afc asian cup,2015,Saudi Arabia,Round of 16,1544.93,12,0.458,-0.167,1.333,1.5,1568.573,4,B,1607.878,1649.68,-62.947,4.0
african cup of nations,2015,Ivory Coast,Champion,1722.8,12,0.417,-0.25,1.417,1.667,1621.627,0,D,1644.418,1722.8,78.382,1.0
african cup of nations,2015,Ghana,Runner-up,1692.32,12,0.458,0.333,1.583,1.25,1660.744,1,C,1695.398,1705.0,-3.078,3.0
african cup of nations,2015,DR Congo,Semi-Finalist,1549.8,12,0.458,0.0,1.083,1.083,1626.103,2,B,1605.912,1708.01,-56.112,4.0
african cup of nations,2015,Equatorial Guinea,Semi-Finalist,1422.98,12,0.375,-0.667,1.083,1.75,1559.428,2,A,1514.665,1588.61,-91.685,4.0
african cup of nations,2015,Algeria,Quarter-Finalist,1689.48,12,0.667,0.667,1.75,1.083,1608.88,3,C,1695.398,1705.0,-5.918,4.0
african cup of nations,2015,Congo,Quarter-Finalist,1520.71,12,0.5,0.083,1.25,1.167,1526.914,3,A,1514.665,1588.61,6.045,3.0
african cup of nations,2015,Guinea,Quarter-Finalist,1641.01,12,0.583,0.0,1.75,1.75,1614.983,3,D,1644.418,1722.8,-3.408,3.0
african cup of nations,2015,Tunisia,Quarter-Finalist,1708.01,12,0.625,0.083,0.833,0.75,1668.417,3,B,1605.912,1708.01,102.098,1.0
african cup of nations,2015,Burkina Faso,Round of 16,1588.61,12,0.667,0.833,1.667,0.833,1479.742,4,A,1514.665,1588.61,73.945,1.0
african cup of nations,2015,Cameroon,Round of 16,1674.79,12,0.583,0.083,1.083,1.0,1626.897,4,D,1644.418,1722.8,30.372,2.0
african cup of nations,2015,Cape Verde,Round of 16,1574.19,12,0.583,-0.083,1.25,1.333,1504.983,4,B,1605.912,1708.01,-31.722,3.0
african cup of nations,2015,Gabon,Round of 16,1526.36,12,0.417,-0.083,0.833,0.917,1513.148,4,A,1514.665,1588.61,11.695,2.0
african cup of nations,2015,Mali,Round of 16,1539.07,12,0.375,-0.167,1.167,1.333,1588.255,4,D,1644.418,1722.8,-105.348,4.0
african cup of nations,2015,Senegal,Round of 16,1705.0,12,0.75,1.083,1.75,0.667,1621.114,4,C,1695.398,1705.0,9.602,1.0
african cup of nations,2015,South Africa,Round of 16,1694.79,12,0.75,1.0,1.417,0.417,1607.967,4,C,1695.398,1705.0,-0.608,2.0
african cup of nations,2015,Zambia,Round of 16,1591.65,12,0.583,0.417,1.333,0.917,1561.912,4,B,1605.912,1708.01,-14.262,2.0
copa américa,2015,Chile,Champion,1803.37,12,0.5,0.167,1.167,1.0,1789.918,0,A,1702.038,1803.37,101.332,1.0
copa américa,2015,Argentina,Runner-up,1906.37,12,0.708,1.333,2.0,0.667,1733.509,1,B,1734.838,1906.37,171.532,1.0
copa américa,2015,Paraguay,Semi-Finalist,1651.64,12,0.417,-0.167,1.417,1.583,1672.988,2,B,1734.838,1906.37,-83.197,3.0
copa américa,2015,Peru,Semi-Finalist,1652.96,12,0.458,-0.583,1.0,1.583,1660.142,2,C,1787.338,1978.4,-134.378,3.0
copa américa,2015,Bolivia,Quarter-Finalist,1517.64,12,0.25,-1.5,0.833,2.333,1744.744,3,A,1702.038,1803.37,-184.397,4.0
copa américa,2015,Brazil,Quarter-Finalist,1978.4,12,0.833,0.833,1.917,1.083,1769.919,3,C,1787.338,1978.4,191.062,1.0
copa américa,2015,Colombia,Quarter-Finalist,1868.37,12,0.833,1.75,2.333,0.583,1727.434,3,C,1787.338,1978.4,81.032,2.0
copa américa,2015,Uruguay,Quarter-Finalist,1856.01,12,0.75,0.833,1.833,1.0,1678.233,3,B,1734.838,1906.37,121.172,2.0
copa américa,2015,Ecuador,Round of 16,1743.88,12,0.5,0.167,1.583,1.417,1742.297,4,A,1702.038,1803.37,41.843,2.0
copa américa,2015,Jamaica,Round of 16,1525.33,12,0.292,-0.667,1.083,1.75,1631.704,4,B,1734.838,1906.37,-209.508,4.0
copa américa,2015,Mexico,Round of 16,1743.26,12,0.542,0.167,1.25,1.083,1726.148,4,A,1702.038,1803.37,41.223,3.0
copa américa,2015,Venezuela,Round of 16,1649.62,12,0.5,-0.25,1.5,1.75,1626.605,4,C,1787.338,1978.4,-137.718,4.0
gold cup,2015,Mexico,Champion,1712.85,12,0.458,-0.083,1.333,1.417,1679.131,0,C,1572.05,1712.85,140.8,1.0
gold cup,2015,Jamaica,Runner-up,1515.28,12,0.25,-0.667,0.917,1.583,1669.888,1,B,1565.192,1706.1,-49.912,4.0
gold cup,2015,Panama,Semi-Finalist,1643.05,12,0.375,-0.75,1.0,1.75,1696.472,2,A,1640.097,1779.37,2.953,2.0
gold cup,2015,United States,Semi-Finalist,1779.37,12,0.5,0.0,1.667,1.667,1719.199,2,A,1640.097,1779.37,139.273,1.0
gold cup,2015,Costa Rica,Quarter-Finalist,1706.1,12,0.5,0.25,1.667,1.417,1711.559,3,B,1565.192,1706.1,140.908,1.0
gold cup,2015,Cuba,Quarter-Finalist,1495.87,12,0.458,-0.417,1.25,1.667,1483.59,3,C,1572.05,1712.85,-76.18,4.0
gold cup,2015,Haiti,Quarter-Finalist,1552.21,12,0.458,-0.083,1.167,1.25,1562.317,3,A,1640.097,1779.37,-87.887,4.0
gold cup,2015,Trinidad and Tobago,Quarter-Finalist,1557.86,12,0.542,0.25,1.5,1.25,1524.573,3,C,1572.05,1712.85,-14.19,2.0
gold cup,2015,Canada,Round of 16,1515.3,12,0.417,-0.083,0.917,1.0,1506.813,4,B,1565.192,1706.1,-49.892,3.0
gold cup,2015,El Salvador,Round of 16,1524.09,12,0.417,-0.333,1.25,1.583,1620.318,4,B,1565.192,1706.1,-41.102,2.0
gold cup,2015,Guatemala,Round of 16,1521.62,12,0.333,-1.083,0.583,1.667,1607.687,4,C,1572.05,1712.85,-50.43,3.0
gold cup,2015,Honduras,Round of 16,1585.76,12,0.333,-0.75,1.0,1.75,1667.305,4,A,1640.097,1779.37,-54.337,3.0
copa américa,2016,Chile,Champion,1836.19,12,0.708,0.833,2.167,1.333,1767.723,0,D,1735.855,1912.05,100.335,2.0
copa américa,2016,Argentina,Runner-up,1912.05,12,0.708,1.25,1.833,0.583,1731.043,1,D,1735.855,1912.05,176.195,1.0
copa américa,2016,Colombia,Semi-Finalist,1848.17,12,0.583,0.167,1.0,0.833,1764.312,2,A,1742.5,1848.17,105.67,1.0
copa américa,2016,United States,Semi-Finalist,1725.27,12,0.583,1.0,2.5,1.5,1596.329,2,A,1742.5,1848.17,-17.23,2.0
copa américa,2016,Ecuador,Quarter-Finalist,1773.71,12,0.667,0.75,1.917,1.167,1696.536,3,B,1740.592,1942.14,33.118,2.0
copa américa,2016,Mexico,Quarter-Finalist,1804.75,12,0.875,1.333,2.167,0.833,1626.503,3,C,1701.1,1856.91,103.65,2.0
copa américa,2016,Peru,Quarter-Finalist,1690.81,12,0.417,0.0,1.5,1.5,1750.561,3,B,1740.592,1942.14,-49.783,3.0
copa américa,2016,Venezuela,Quarter-Finalist,1580.27,12,0.125,-1.333,0.917,2.25,1704.57,3,C,1701.1,1856.91,-120.83,3.0
copa américa,2016,Bolivia,Round of 16,1523.2,12,0.208,-2.0,0.917,2.917,1782.523,4,D,1735.855,1912.05,-212.655,4.0
copa américa,2016,Brazil,Round of 16,1942.14,12,0.667,0.667,1.75,1.083,1734.619,4,B,1740.592,1942.14,201.548,1.0
copa américa,2016,Costa Rica,Round of 16,1703.52,12,0.542,0.25,1.25,1.0,1644.333,4,A,1742.5,1848.17,-38.98,3.0
copa américa,2016,Haiti,Round of 16,1555.71,12,0.458,0.167,0.917,0.75,1582.382,4,B,1740.592,1942.14,-184.882,4.0
copa américa,2016,Jamaica,Round of 16,1562.47,12,0.542,-0.333,1.0,1.333,1610.596,4,C,1701.1,1856.91,-138.63,4.0
copa américa,2016,Panama,Round of 16,1671.98,12,0.583,0.583,1.333,0.75,1623.929,4,D,1735.855,1912.05,-63.875,3.0
copa américa,2016,Paraguay,Round of 16,1693.04,12,0.375,-0.667,1.0,1.667,1789.827,4,A,1742.5,1848.17,-49.46,4.0
copa américa,2016,Uruguay,Round of 16,1856.91,12,0.667,1.0,1.667,0.667,1718.731,4,C,1701.1,1856.91,155.81,1.0
uefa euro,2016,Portugal,Champion,1781.86,12,0.667,1.083,1.583,0.5,1628.383,0,F,1643.978,1781.86,137.882,1.0
uefa euro,2016,France,Runner-up,1842.57,12,0.75,1.0,2.25,1.25,1688.72,1,A,1679.565,1842.57,163.005,1.0
uefa euro,2016,Germany,Semi-Finalist,1823.18,12,0.583,0.917,2.25,1.333,1649.134,2,C,1696.035,1823.18,127.145,1.0
uefa euro,2016,Wales,Semi-Finalist,1539.7,12,0.542,0.083,1.0,0.917,1557.129,2,B,1690.195,1856.99,-150.495,4.0
uefa euro,2016,Belgium,Quarter-Finalist,1786.36,12,0.792,1.0,2.167,1.167,1566.103,3,E,1711.365,1786.36,74.995,1.0
uefa euro,2016,Iceland,Quarter-Finalist,1561.16,12,0.333,-0.25,1.583,1.833,1558.823,3,F,1643.978,1781.86,-82.817,4.0
uefa euro,2016,Italy,Quarter-Finalist,1736.99,12,0.625,0.167,1.333,1.167,1642.647,3,E,1711.365,1786.36,25.625,2.0
uefa euro,2016,Poland,Quarter-Finalist,1673.67,12,0.708,1.583,2.583,1.0,1603.09,3,C,1696.035,1823.18,-22.365,3.0
uefa euro,2016,Croatia,Round of 16,1748.64,12,0.792,2.083,2.583,0.5,1482.011,4,D,1748.758,1877.71,-0.117,2.0
uefa euro,2016,England,Round of 16,1856.99,12,0.833,1.417,2.25,0.833,1641.335,4,B,1690.195,1856.99,166.795,1.0
uefa euro,2016,Hungary,Round of 16,1607.11,12,0.625,0.417,1.25,0.833,1587.258,4,F,1643.978,1781.86,-36.868,3.0
uefa euro,2016,Northern Ireland,Round of 16,1540.81,12,0.75,0.833,1.417,0.583,1554.583,4,C,1696.035,1823.18,-155.225,4.0
uefa euro,2016,Republic of Ireland,Round of 16,1663.27,12,0.625,0.583,1.333,0.75,1661.406,4,E,1711.365,1786.36,-48.095,3.0
uefa euro,2016,Slovakia,Round of 16,1689.28,12,0.667,0.583,1.667,1.083,1586.258,4,B,1690.195,1856.99,-0.915,2.0
uefa euro,2016,Spain,Round of 16,1877.71,12,0.833,1.5,1.917,0.417,1623.384,4,D,1748.758,1877.71,128.953,1.0
uefa euro,2016,Switzerland,Round of 16,1670.36,12,0.583,0.667,1.917,1.25,1524.153,4,A,1679.565,1842.57,-9.205,2.0
uefa euro,2016,Albania,Group Stage,1541.51,12,0.542,0.25,1.417,1.167,1578.717,5,A,1679.565,1842.57,-138.055,4.0
uefa euro,2016,Austria,Group Stage,1625.78,12,0.708,1.0,2.0,1.0,1523.38,5,F,1643.978,1781.86,-18.197,2.0
uefa euro,2016,Czech Republic,Group Stage,1639.87,12,0.542,0.5,1.917,1.417,1590.708,5,D,1748.758,1877.71,-108.888,4.0
uefa euro,2016,Romania,Group Stage,1663.82,12,0.625,0.667,1.417,0.75,1540.766,5,A,1679.565,1842.57,-15.745,3.0
uefa euro,2016,Russia,Group Stage,1674.81,12,0.625,0.917,2.083,1.167,1580.973,5,B,1690.195,1856.99,-15.385,3.0
uefa euro,2016,Sweden,Group Stage,1658.84,12,0.583,0.5,1.5,1.0,1544.578,5,E,1711.365,1786.36,-52.525,4.0
uefa euro,2016,Turkey,Group Stage,1728.81,12,0.833,0.917,1.417,0.5,1598.844,5,D,1748.758,1877.71,-19.947,3.0
uefa euro,2016,Ukraine,Group Stage,1746.48,12,0.833,1.167,1.833,0.667,1534.715,5,C,1696.035,1823.18,50.445,2.0
african cup of nations,2017,Cameroon,Champion,1684.04,12,0.625,0.417,1.25,0.833,1582.932,0,A,1549.53,1684.04,134.51,1.0
african cup of nations,2017,Egypt,Runner-up,1703.0,12,0.75,1.083,1.5,0.417,1577.622,1,D,1621.592,1703.0,81.408,1.0
african cup of nations,2017,Burkina Faso,Semi-Finalist,1560.89,12,0.583,0.083,1.083,1.0,1551.387,2,A,1549.53,1684.04,11.36,2.0
african cup of nations,2017,Ghana,Semi-Finalist,1648.58,12,0.625,0.417,1.083,0.667,1487.55,2,D,1621.592,1703.0,26.987,2.0
african cup of nations,2017,DR Congo,Quarter-Finalist,1610.23,12,0.667,1.083,1.833,0.75,1524.451,3,C,1619.195,1748.41,-8.965,2.0
african cup of nations,2017,Morocco,Quarter-Finalist,1605.81,12,0.667,0.833,1.167,0.333,1543.784,3,C,1619.195,1748.41,-13.385,3.0
african cup of nations,2017,Senegal,Quarter-Finalist,1761.24,12,0.792,1.25,1.75,0.5,1501.476,3,B,1671.082,1761.24,90.158,1.0
african cup of nations,2017,Tunisia,Quarter-Finalist,1670.39,12,0.708,0.833,1.583,0.75,1509.332,3,B,1671.082,1761.24,-0.692,3.0
african cup of nations,2017,Algeria,Round of 16,1684.29,12,0.708,2.25,3.333,1.083,1487.918,4,B,1671.082,1761.24,13.207,2.0
african cup of nations,2017,Gabon,Round of 16,1510.94,12,0.375,-0.333,0.75,1.083,1520.18,4,A,1549.53,1684.04,-38.59,3.0
african cup of nations,2017,Guinea-Bissau,Round of 16,1442.25,12,0.5,-0.167,1.083,1.25,1494.873,4,A,1549.53,1684.04,-107.28,4.0
african cup of nations,2017,Ivory Coast,Round of 16,1748.41,12,0.75,0.917,1.333,0.417,1566.076,4,C,1619.195,1748.41,129.215,1.0
african cup of nations,2017,Mali,Round of 16,1574.22,12,0.583,0.667,1.667,1.0,1511.226,4,D,1621.592,1703.0,-47.372,3.0
african cup of nations,2017,Togo,Round of 16,1512.33,12,0.542,0.417,1.333,0.917,1489.873,4,C,1619.195,1748.41,-106.865,4.0
african cup of nations,2017,Uganda,Round of 16,1560.57,12,0.375,-0.583,0.333,0.917,1528.928,4,D,1621.592,1703.0,-61.023,4.0
african cup of nations,2017,Zimbabwe,Round of 16,1568.41,12,0.708,1.417,1.833,0.417,1494.095,4,B,1671.082,1761.24,-102.672,4.0
gold cup,2017,United States,Champion,1729.0,12,0.667,1.333,2.167,0.833,1628.561,0,B,1590.212,1729.0,138.787,1.0
gold cup,2017,Jamaica,Runner-up,1493.32,12,0.25,-1.167,0.5,1.667,1633.863,1,C,1562.962,1821.03,-69.643,2.0
gold cup,2017,Costa Rica,Semi-Finalist,1748.52,12,0.75,1.0,1.917,0.917,1645.84,2,A,1620.64,1748.52,127.88,1.0
gold cup,2017,Mexico,Semi-Finalist,1821.03,12,0.667,0.5,1.75,1.25,1707.285,2,C,1562.962,1821.03,258.067,1.0
gold cup,2017,Canada,Quarter-Finalist,1570.88,12,0.5,-0.167,1.5,1.667,1591.712,3,A,1620.64,1748.52,-49.76,3.0
gold cup,2017,El Salvador,Quarter-Finalist,1468.37,12,0.292,-1.083,1.083,2.167,1565.649,3,C,1562.962,1821.03,-94.593,4.0
gold cup,2017,Honduras,Quarter-Finalist,1622.71,12,0.542,-0.417,1.333,1.75,1594.173,3,A,1620.64,1748.52,2.07,2.0
gold cup,2017,Panama,Quarter-Finalist,1672.96,12,0.417,-0.583,0.833,1.417,1717.351,3,B,1590.212,1729.0,82.747,2.0
gold cup,2017,Curaçao,Round of 16,1469.13,12,0.667,1.25,2.25,1.0,1455.148,4,C,1562.962,1821.03,-93.832,3.0
gold cup,2017,French Guiana,Round of 16,1540.45,12,0.625,0.833,2.0,1.167,1501.753,4,A,1620.64,1748.52,-80.19,4.0
gold cup,2017,Martinique,Round of 16,1543.87,12,0.583,0.75,1.667,0.917,1465.799,4,B,1590.212,1729.0,-46.343,3.0
gold cup,2017,Nicaragua,Round of 16,1415.02,12,0.375,0.0,1.25,1.25,1520.571,4,B,1590.212,1729.0,-175.193,4.0
fifa world cup,2018,France,Champion,1849.55,12,0.792,1.167,2.083,0.917,1673.53,0,C,1779.798,1849.55,69.752,1.0
fifa world cup,2018,Croatia,Runner-up,1788.86,12,0.583,0.25,1.083,0.833,1712.226,1,D,1750.96,1884.53,37.9,2.0
fifa world cup,2018,Belgium,Semi-Finalist,1831.44,12,0.917,2.417,3.167,0.75,1626.198,2,G,1760.358,1847.71,71.082,2.0
fifa world cup,2018,England,Semi-Finalist,1847.71,12,0.75,0.833,1.5,0.667,1683.873,2,G,1760.358,1847.71,87.352,1.0
fifa world cup,2018,Brazil,Quarter-Finalist,2018.08,12,0.792,1.583,1.833,0.25,1760.988,3,E,1797.625,2018.08,220.455,1.0
fifa world cup,2018,Russia,Quarter-Finalist,1621.11,12,0.333,-0.417,1.167,1.583,1799.734,3,A,1682.552,1801.85,-61.443,4.0
fifa world cup,2018,Sweden,Quarter-Finalist,1687.06,12,0.5,0.75,1.5,0.75,1659.723,3,F,1753.59,1865.9,-66.53,3.0
fifa world cup,2018,Uruguay,Quarter-Finalist,1801.85,12,0.542,0.167,1.25,1.083,1691.714,3,A,1682.552,1801.85,119.297,1.0
fifa world cup,2018,Argentina,Round of 16,1884.53,12,0.625,0.583,1.75,1.167,1696.272,4,D,1750.96,1884.53,133.57,1.0
fifa world cup,2018,Colombia,Round of 16,1839.22,12,0.583,0.75,1.583,0.833,1751.255,4,H,1750.212,1839.22,89.007,1.0
fifa world cup,2018,Denmark,Round of 16,1701.17,12,0.75,1.333,1.75,0.417,1648.108,4,C,1779.798,1849.55,-78.628,4.0
fifa world cup,2018,Japan,Round of 16,1681.88,12,0.417,-0.5,1.333,1.833,1690.556,4,H,1750.212,1839.22,-68.332,4.0
fifa world cup,2018,Mexico,Round of 16,1781.17,12,0.625,0.417,1.333,0.917,1683.215,4,F,1753.59,1865.9,27.58,2.0
fifa world cup,2018,Portugal,Round of 16,1817.95,12,0.792,1.167,1.917,0.75,1621.227,4,B,1818.815,1925.46,-0.865,2.0
fifa world cup,2018,Spain,Round of 16,1925.46,12,0.833,2.25,3.0,0.75,1660.118,4,B,1818.815,1925.46,106.645,1.0
fifa world cup,2018,Switzerland,Round of 16,1781.21,12,0.833,1.667,2.083,0.417,1560.16,4,E,1797.625,2018.08,-16.415,2.0
fifa world cup,2018,Australia,Group Stage,1730.4,12,0.625,0.333,1.417,1.083,1664.417,5,C,1779.798,1849.55,-49.398,3.0
fifa world cup,2018,Costa Rica,Group Stage,1716.25,12,0.333,-0.75,0.833,1.583,1718.428,5,E,1797.625,2018.08,-81.375,3.0
fifa world cup,2018,Egypt,Group Stage,1681.53,12,0.458,-0.25,0.667,0.917,1637.405,5,A,1682.552,1801.85,-1.023,2.0
fifa world cup,2018,Germany,Group Stage,1865.9,12,0.708,1.333,2.25,0.917,1720.344,5,F,1753.59,1865.9,112.31,1.0
fifa world cup,2018,Iceland,Group Stage,1656.61,12,0.5,0.667,2.0,1.333,1603.452,5,D,1750.96,1884.53,-94.35,4.0
fifa world cup,2018,Iran,Group Stage,1796.19,12,0.708,0.75,1.417,0.667,1619.562,5,B,1818.815,1925.46,-22.625,3.0
fifa world cup,2018,Morocco,Group Stage,1735.66,12,0.75,1.417,2.0,0.583,1645.881,5,B,1818.815,1925.46,-83.155,4.0
fifa world cup,2018,Nigeria,Group Stage,1673.84,12,0.5,0.167,1.333,1.167,1674.103,5,D,1750.96,1884.53,-77.12,3.0
fifa world cup,2018,Panama,Group Stage,1655.49,12,0.417,-0.333,1.083,1.417,1634.761,5,G,1760.358,1847.71,-104.868,4.0
fifa world cup,2018,Peru,Group Stage,1838.07,12,0.833,1.25,1.667,0.417,1684.542,5,C,1779.798,1849.55,58.272,2.0
fifa world cup,2018,Poland,Group Stage,1713.05,12,0.667,1.0,2.25,1.25,1609.402,5,H,1750.212,1839.22,-37.163,3.0
fifa world cup,2018,Saudi Arabia,Group Stage,1625.72,12,0.417,-0.5,1.083,1.583,1659.987,5,A,1682.552,1801.85,-56.832,3.0
fifa world cup,2018,Senegal,Group Stage,1766.7,12,0.667,0.75,1.25,0.5,1589.13,5,H,1750.212,1839.22,16.487,2.0
fifa world cup,2018,Serbia,Group Stage,1674.96,12,0.667,1.0,1.833,0.833,1601.643,5,E,1797.625,2018.08,-122.665,4.0
fifa world cup,2018,South Korea,Group Stage,1680.23,12,0.542,0.167,1.417,1.25,1591.083,5,F,1753.59,1865.9,-73.36,4.0
fifa world cup,2018,Tunisia,Group Stage,1706.79,12,0.583,0.333,1.25,0.917,1700.522,5,G,1760.358,1847.71,-53.568,3.0
afc asian cup,2019,Qatar,Champion,1580.42,12,0.667,0.5,1.667,1.167,1631.868,0,E,1584.812,1619.78,-4.392,3.0
afc asian cup,2019,Japan,Runner-up,1713.98,12,0.583,0.667,2.083,1.417,1714.446,1,F,1605.098,1713.98,108.882,1.0
afc asian cup,2019,Iran,Semi-Finalist,1809.5,12,0.708,0.417,1.083,0.667,1643.202,2,D,1582.54,1809.5,226.96,1.0
afc asian cup,2019,United Arab Emirates,Semi-Finalist,1573.77,12,0.417,-0.167,0.583,0.75,1491.419,2,A,1527.888,1573.77,45.882,1.0
afc asian cup,2019,Australia,Quarter-Finalist,1730.7,12,0.625,1.083,2.083,1.0,1662.704,3,B,1610.61,1730.7,120.09,1.0
afc asian cup,2019,China PR,Quarter-Finalist,1556.19,12,0.458,-0.5,0.833,1.333,1548.76,3,C,1552.022,1702.74,4.168,2.0
afc asian cup,2019,South Korea,Quarter-Finalist,1702.74,12,0.542,0.417,1.167,0.75,1713.971,3,C,1552.022,1702.74,150.717,1.0
afc asian cup,2019,Vietnam,Quarter-Finalist,1559.37,12,0.792,1.083,1.75,0.667,1401.072,3,D,1582.54,1809.5,-23.17,3.0
afc asian cup,2019,Bahrain,Round of 16,1546.19,12,0.583,1.167,1.75,0.583,1527.624,4,A,1527.888,1573.77,18.303,2.0
afc asian cup,2019,Iraq,Round of 16,1623.88,12,0.583,0.25,1.333,1.083,1603.93,4,D,1582.54,1809.5,41.34,2.0
afc asian cup,2019,Jordan,Round of 16,1517.33,12,0.458,0.0,0.833,0.833,1549.352,4,B,1610.61,1730.7,-93.28,4.0
afc asian cup,2019,Kyrgyzstan,Round of 16,1518.8,12,0.708,0.5,1.583,1.083,1488.533,4,C,1552.022,1702.74,-33.223,3.0
afc asian cup,2019,Oman,Round of 16,1615.94,12,0.667,0.083,0.833,0.75,1548.162,4,F,1605.098,1713.98,10.842,3.0
afc asian cup,2019,Saudi Arabia,Round of 16,1619.78,12,0.333,-0.917,0.75,1.667,1693.49,4,E,1584.812,1619.78,34.967,1.0
afc asian cup,2019,Thailand,Round of 16,1526.99,12,0.583,0.75,1.75,1.0,1452.817,4,A,1527.888,1573.77,-0.898,3.0
afc asian cup,2019,Uzbekistan,Round of 16,1621.74,12,0.333,-0.667,0.5,1.167,1693.287,4,F,1605.098,1713.98,16.642,2.0
afc asian cup,2019,India,Group Stage,1464.6,12,0.583,1.0,1.75,0.75,1434.097,5,A,1527.888,1573.77,-63.288,4.0
afc asian cup,2019,Lebanon,Group Stage,1547.46,12,0.625,0.417,1.167,0.75,1523.895,5,E,1584.812,1619.78,-37.352,4.0
afc asian cup,2019,North Korea,Group Stage,1591.59,12,0.542,0.417,1.5,1.083,1492.594,5,E,1584.812,1619.78,6.777,2.0
afc asian cup,2019,Palestine,Group Stage,1533.1,12,0.333,-0.667,0.667,1.333,1532.743,5,B,1610.61,1730.7,-77.51,3.0
afc asian cup,2019,Philippines,Group Stage,1430.36,12,0.5,-0.083,1.333,1.417,1442.745,5,C,1552.022,1702.74,-121.663,4.0
afc asian cup,2019,Syria,Group Stage,1661.31,12,0.5,-0.083,1.083,1.167,1565.241,5,B,1610.61,1730.7,50.7,2.0
afc asian cup,2019,Turkmenistan,Group Stage,1468.73,12,0.458,-0.417,1.083,1.5,1453.602,5,F,1605.098,1713.98,-136.368,4.0
afc asian cup,2019,Yemen,Group Stage,1337.41,12,0.333,-0.833,0.583,1.417,1488.768,5,D,1582.54,1809.5,-245.13,4.0
african cup of nations,2019,Algeria,Champion,1625.54,12,0.542,0.083,1.333,1.25,1567.548,0,C,1600.228,1786.55,25.312,2.0
african cup of nations,2019,Senegal,Runner-up,1786.55,12,0.75,0.833,1.583,0.75,1591.434,1,C,1600.228,1786.55,186.322,1.0
african cup of nations,2019,Nigeria,Semi-Finalist,1684.2,12,0.708,1.0,1.667,0.667,1555.201,2,B,1541.538,1684.2,142.662,1.0
african cup of nations,2019,Tunisia,Semi-Finalist,1715.91,12,0.667,0.583,1.75,1.167,1587.732,2,E,1569.02,1715.91,146.89,1.0
african cup of nations,2019,Benin,Quarter-Finalist,1560.91,12,0.708,0.333,1.167,0.833,1501.658,3,F,1578.75,1677.6,-17.84,3.0
african cup of nations,2019,Ivory Coast,Quarter-Finalist,1652.83,12,0.708,1.0,1.833,0.833,1476.897,3,D,1594.895,1669.25,57.935,2.0
african cup of nations,2019,Madagascar,Quarter-Finalist,1434.89,12,0.375,-0.5,0.833,1.333,1496.108,3,B,1541.538,1684.2,-106.648,4.0
african cup of nations,2019,South Africa,Quarter-Finalist,1583.13,12,0.667,1.083,1.667,0.583,1499.693,3,D,1594.895,1669.25,-11.765,3.0
african cup of nations,2019,Cameroon,Round of 16,1648.97,12,0.583,0.417,1.25,0.833,1558.233,4,F,1578.75,1677.6,70.22,2.0
african cup of nations,2019,DR Congo,Round of 16,1604.88,12,0.542,0.083,1.167,1.083,1552.092,4,A,1609.43,1670.06,-4.55,2.0
african cup of nations,2019,Egypt,Round of 16,1670.06,12,0.542,0.583,1.833,1.25,1583.588,4,A,1609.43,1670.06,60.63,1.0
african cup of nations,2019,Ghana,Round of 16,1677.6,12,0.708,1.083,1.667,0.583,1567.488,4,F,1578.75,1677.6,98.85,1.0
african cup of nations,2019,Guinea,Round of 16,1572.64,12,0.375,-0.583,0.917,1.5,1532.137,4,B,1541.538,1684.2,31.102,2.0
african cup of nations,2019,Mali,Round of 16,1587.26,12,0.542,0.417,1.083,0.667,1546.988,4,E,1569.02,1715.91,18.24,2.0
african cup of nations,2019,Morocco,Round of 16,1669.25,12,0.458,0.167,1.083,0.917,1603.432,4,D,1594.895,1669.25,74.355,1.0
african cup of nations,2019,Uganda,Round of 16,1577.23,12,0.542,0.167,0.75,0.583,1492.797,4,A,1609.43,1670.06,-32.2,4.0
african cup of nations,2019,Angola,Group Stage,1488.94,12,0.667,0.583,1.25,0.667,1481.805,5,E,1569.02,1715.91,-80.08,3.0
african cup of nations,2019,Burundi,Group Stage,1474.42,12,0.458,0.25,1.333,1.083,1505.623,5,B,1541.538,1684.2,-67.118,3.0
african cup of nations,2019,Guinea-Bissau,Group Stage,1427.52,12,0.333,-0.667,0.75,1.417,1509.741,5,F,1578.75,1677.6,-151.23,4.0
african cup of nations,2019,Kenya,Group Stage,1528.82,12,0.667,0.5,1.167,0.667,1504.862,5,C,1600.228,1786.55,-71.408,3.0
african cup of nations,2019,Mauritania,Group Stage,1483.97,12,0.458,-0.25,1.167,1.417,1507.695,5,E,1569.02,1715.91,-85.05,4.0
african cup of nations,2019,Namibia,Group Stage,1474.37,12,0.542,-0.083,1.167,1.25,1458.366,5,D,1594.895,1669.25,-120.525,4.0
african cup of nations,2019,Tanzania,Group Stage,1460.0,12,0.333,-0.333,0.917,1.25,1545.828,5,C,1600.228,1786.55,-140.227,4.0
african cup of nations,2019,Zimbabwe,Group Stage,1585.55,12,0.625,0.5,1.25,0.75,1498.793,5,A,1609.43,1670.06,-23.88,3.0
copa américa,2019,Brazil,Champion,2024.57,12,0.875,2.0,2.333,0.333,1700.728,0,A,1759.22,2024.57,265.35,1.0
copa américa,2019,Peru,Runner-up,1739.54,12,0.375,-0.333,1.0,1.333,1739.157,1,A,1759.22,2024.57,-19.68,2.0
copa américa,2019,Argentina,Semi-Finalist,1854.83,12,0.625,0.833,1.917,1.083,1722.067,2,B,1769.178,1882.72,85.652,2.0
copa américa,2019,Chile,Semi-Finalist,1785.37,12,0.5,-0.083,1.333,1.417,1692.779,2,C,1759.665,1801.89,25.705,2.0
copa américa,2019,Colombia,Quarter-Finalist,1882.72,12,0.75,1.167,1.917,0.75,1729.01,3,B,1769.178,1882.72,113.543,1.0
copa américa,2019,Paraguay,Quarter-Finalist,1639.1,12,0.333,-0.25,1.25,1.5,1714.768,3,B,1769.178,1882.72,-130.078,4.0
copa américa,2019,Uruguay,Quarter-Finalist,1801.89,12,0.583,0.75,1.75,1.0,1747.269,3,C,1759.665,1801.89,42.225,1.0
copa américa,2019,Venezuela,Quarter-Finalist,1709.13,12,0.458,0.167,1.5,1.333,1719.236,3,A,1759.22,2024.57,-50.09,3.0
copa américa,2019,Bolivia,Round of 16,1563.64,12,0.292,-0.75,0.75,1.5,1655.663,4,A,1759.22,2024.57,-195.58,4.0
copa américa,2019,Ecuador,Round of 16,1710.12,12,0.458,0.083,1.333,1.25,1678.797,4,C,1759.665,1801.89,-49.545,4.0
copa américa,2019,Japan,Round of 16,1741.28,12,0.792,1.0,1.583,0.583,1617.71,4,C,1759.665,1801.89,-18.385,3.0
copa américa,2019,Qatar,Round of 16,1700.06,12,0.75,1.417,1.917,0.5,1664.995,4,B,1769.178,1882.72,-69.118,3.0
gold cup,2019,Mexico,Champion,1780.05,12,0.417,-0.5,1.417,1.917,1774.182,0,A,1614.752,1780.05,165.297,1.0
gold cup,2019,United States,Runner-up,1685.86,12,0.417,-0.417,0.917,1.333,1759.255,1,D,1558.175,1685.86,127.685,1.0
gold cup,2019,Haiti,Semi-Finalist,1587.46,12,0.625,1.25,2.75,1.5,1564.815,2,B,1539.215,1680.62,48.245,2.0
gold cup,2019,Jamaica,Semi-Finalist,1602.41,12,0.667,1.25,2.167,0.917,1489.934,2,C,1571.87,1615.84,30.54,2.0
gold cup,2019,Canada,Quarter-Finalist,1619.3,12,0.75,1.75,2.417,0.667,1509.474,3,A,1614.752,1780.05,4.547,2.0
gold cup,2019,Costa Rica,Quarter-Finalist,1680.62,12,0.292,-0.917,1.0,1.917,1743.618,3,B,1539.215,1680.62,141.405,1.0
gold cup,2019,Curaçao,Quarter-Finalist,1486.96,12,0.625,1.5,2.5,1.0,1506.158,3,C,1571.87,1615.84,-84.91,4.0
gold cup,2019,Panama,Quarter-Finalist,1581.99,12,0.125,-1.833,0.5,2.333,1744.93,3,D,1558.175,1685.86,23.815,2.0
gold cup,2019,Bermuda,Round of 16,1476.81,12,0.458,0.25,2.167,1.917,1439.48,4,B,1539.215,1680.62,-62.405,3.0
gold cup,2019,Cuba,Round of 16,1481.7,12,0.5,1.0,2.167,1.167,1459.214,4,A,1614.752,1780.05,-133.052,4.0
gold cup,2019,El Salvador,Round of 16,1582.27,12,0.75,0.5,1.333,0.833,1597.106,4,C,1571.87,1615.84,10.4,3.0
gold cup,2019,Guyana,Round of 16,1463.2,12,0.417,0.917,2.25,1.333,1426.063,4,D,1558.175,1685.86,-94.975,4.0
gold cup,2019,Honduras,Round of 16,1615.84,12,0.375,-1.083,0.75,1.833,1716.179,4,C,1571.87,1615.84,43.97,1.0
gold cup,2019,Martinique,Round of 16,1577.96,12,0.625,0.833,1.833,1.0,1480.269,4,A,1614.752,1780.05,-36.793,3.0
gold cup,2019,Nicaragua,Round of 16,1411.97,12,0.417,-0.25,1.5,1.75,1504.206,4,B,1539.215,1680.62,-127.245,4.0
gold cup,2019,Trinidad and Tobago,Round of 16,1501.65,12,0.417,-0.167,0.75,0.917,1614.173,4,D,1558.175,1685.86,-56.525,3.0
copa américa,2021,Argentina,Champion,1898.79,12,0.75,1.167,2.0,0.833,1772.271,0,D,1898.79,1898.79,0.0,1.0
copa américa,2021,Brazil,Runner-up,1983.14,12,0.708,1.25,1.917,0.667,1756.448,1,A,1983.14,1983.14,0.0,1.0
copa américa,2021,Colombia,Semi-Finalist,1867.17,12,0.542,-0.25,1.25,1.5,1781.935,2,C,1791.3,1867.17,75.87,1.0
copa américa,2021,Peru,Semi-Finalist,1733.7,12,0.25,-1.0,0.75,1.75,1841.923,2,H,1733.7,1733.7,0.0,1.0
copa américa,2021,Chile,Quarter-Finalist,1768.91,12,0.458,0.0,1.25,1.25,1745.113,3,E,1802.87,1836.83,-33.96,2.0
copa américa,2021,Ecuador,Quarter-Finalist,1715.43,12,0.583,0.5,2.0,1.5,1740.828,3,C,1791.3,1867.17,-75.87,2.0
copa américa,2021,Paraguay,Quarter-Finalist,1698.31,12,0.5,-0.083,1.0,1.083,1713.383,3,F,1698.31,1698.31,0.0,1.0
copa américa,2021,Uruguay,Quarter-Finalist,1836.83,12,0.625,0.25,1.333,1.083,1757.755,3,E,1802.87,1836.83,33.96,1.0
copa américa,2021,Bolivia,Round of 16,1555.83,12,0.25,-1.083,1.333,2.417,1751.129,4,G,1555.83,1555.83,0.0,1.0
copa américa,2021,Venezuela,Round of 16,1717.11,12,0.5,0.167,1.333,1.167,1726.377,4,B,1717.11,1717.11,0.0,1.0
gold cup,2021,United States,Champion,1763.59,12,0.875,2.583,3.25,0.667,1625.06,0,B,1648.617,1763.59,114.973,1.0
gold cup,2021,Mexico,Runner-up,1841.78,12,0.708,0.917,1.667,0.75,1687.077,1,A,1626.54,1841.78,215.24,1.0
gold cup,2021,Canada,Semi-Finalist,1682.34,12,0.833,2.917,3.583,0.667,1497.207,2,B,1648.617,1763.59,33.723,2.0
gold cup,2021,Qatar,Semi-Finalist,1676.12,12,0.667,0.5,1.583,1.083,1533.253,2,D,1569.408,1676.12,106.712,1.0
gold cup,2021,Costa Rica,Quarter-Finalist,1606.5,12,0.292,-0.667,0.583,1.25,1661.377,3,C,1572.502,1644.66,33.997,2.0
gold cup,2021,El Salvador,Quarter-Finalist,1594.36,12,0.667,1.083,1.833,0.75,1478.654,3,A,1626.54,1841.78,-32.18,3.0
gold cup,2021,Honduras,Quarter-Finalist,1604.05,12,0.542,0.417,1.333,0.917,1584.697,3,D,1569.408,1676.12,34.642,3.0
gold cup,2021,Jamaica,Quarter-Finalist,1644.66,12,0.667,1.167,2.25,1.083,1529.86,3,C,1572.502,1644.66,72.158,1.0
gold cup,2021,Grenada,Round of 16,1380.23,12,0.583,0.0,1.0,1.0,1418.53,4,D,1569.408,1676.12,-189.178,4.0
gold cup,2021,Guadeloupe,Round of 16,1505.2,12,0.583,1.083,2.167,1.083,1436.395,4,C,1572.502,1644.66,-67.303,4.0
gold cup,2021,Guatemala,Round of 16,1594.42,12,0.833,2.417,2.583,0.167,1437.628,4,A,1626.54,1841.78,-32.12,2.0
gold cup,2021,Haiti,Round of 16,1591.97,12,0.542,1.167,2.25,1.083,1514.769,4,B,1648.617,1763.59,-56.647,3.0
gold cup,2021,Martinique,Round of 16,1556.57,12,0.625,0.667,1.833,1.167,1506.144,4,B,1648.617,1763.59,-92.047,4.0
gold cup,2021,Panama,Round of 16,1617.23,12,0.667,1.083,2.083,1.0,1552.467,4,D,1569.408,1676.12,47.822,2.0
gold cup,2021,Suriname,Round of 16,1533.65,12,0.708,1.917,2.833,0.917,1415.09,4,C,1572.502,1644.66,-38.852,3.0
gold cup,2021,Trinidad and Tobago,Round of 16,1475.6,12,0.458,0.583,2.333,1.75,1513.448,4,A,1626.54,1841.78,-150.94,4.0
uefa euro,2021,Italy,Champion,1866.17,12,0.917,2.667,2.75,0.083,1545.159,0,A,1765.515,1866.17,100.655,1.0
uefa euro,2021,England,Runner-up,1887.08,12,0.792,1.5,1.917,0.417,1649.288,1,D,1730.155,1887.08,156.925,1.0
uefa euro,2021,Denmark,Semi-Finalist,1824.34,12,0.833,2.083,2.583,0.5,1659.281,2,B,1758.33,1932.21,66.01,2.0
uefa euro,2021,Spain,Semi-Finalist,1912.76,12,0.708,1.417,1.917,0.5,1696.334,2,E,1742.5,1912.76,170.26,1.0
uefa euro,2021,Belgium,Quarter-Finalist,1932.21,12,0.792,1.667,2.583,0.917,1704.868,3,B,1758.33,1932.21,173.88,1.0
uefa euro,2021,Czech Republic,Quarter-Finalist,1674.35,12,0.542,0.25,1.5,1.25,1621.718,3,D,1730.155,1887.08,-55.805,3.0
uefa euro,2021,Switzerland,Quarter-Finalist,1783.51,12,0.625,1.0,2.167,1.167,1703.692,3,A,1765.515,1866.17,17.995,2.0
uefa euro,2021,Ukraine,Quarter-Finalist,1729.86,12,0.417,-0.667,1.083,1.75,1706.129,3,C,1698.688,1820.58,31.172,2.0
uefa euro,2021,Austria,Round of 16,1681.42,12,0.625,0.25,1.417,1.167,1604.643,4,C,1698.688,1820.58,-17.267,3.0
uefa euro,2021,Croatia,Round of 16,1732.04,12,0.417,-0.083,1.5,1.583,1680.603,4,D,1730.155,1887.08,1.885,2.0
uefa euro,2021,France,Round of 16,1931.24,12,0.833,1.583,2.333,0.75,1698.327,4,F,1817.438,1931.24,113.803,1.0
uefa euro,2021,Germany,Round of 16,1828.57,12,0.667,0.583,2.167,1.583,1685.389,4,F,1817.438,1931.24,11.132,3.0
uefa euro,2021,Netherlands,Round of 16,1820.58,12,0.583,0.917,1.917,1.0,1647.277,4,C,1698.688,1820.58,121.892,1.0
uefa euro,2021,Portugal,Round of 16,1885.58,12,0.75,1.583,2.083,0.5,1670.52,4,F,1817.438,1931.24,68.142,2.0
uefa euro,2021,Sweden,Round of 16,1747.64,12,0.583,0.083,1.417,1.333,1691.212,4,E,1742.5,1912.76,5.14,2.0
uefa euro,2021,Wales,Round of 16,1709.55,12,0.625,-0.083,0.75,0.833,1705.603,4,A,1765.515,1866.17,-55.965,3.0
uefa euro,2021,Finland,Group Stage,1609.37,12,0.5,-0.25,1.25,1.5,1659.312,5,B,1758.33,1932.21,-148.96,4.0
uefa euro,2021,Hungary,Group Stage,1624.36,12,0.75,1.0,1.833,0.833,1536.521,5,F,1817.438,1931.24,-193.078,4.0
uefa euro,2021,North Macedonia,Group Stage,1562.89,12,0.667,0.917,2.0,1.083,1500.438,5,C,1698.688,1820.58,-135.797,4.0
uefa euro,2021,Poland,Group Stage,1699.8,12,0.583,0.75,1.917,1.167,1671.272,5,E,1742.5,1912.76,-42.7,3.0
uefa euro,2021,Russia,Group Stage,1667.4,12,0.5,-0.25,1.25,1.5,1568.142,5,B,1758.33,1932.21,-90.93,3.0
uefa euro,2021,Scotland,Group Stage,1627.15,12,0.625,0.5,1.25,0.75,1580.974,5,D,1730.155,1887.08,-103.005,4.0
uefa euro,2021,Slovakia,Group Stage,1609.8,12,0.5,-0.083,0.917,1.0,1541.867,5,E,1742.5,1912.76,-132.7,4.0
uefa euro,2021,Turkey,Group Stage,1702.83,12,0.667,0.583,2.167,1.583,1607.497,5,A,1765.515,1866.17,-62.685,4.0
african cup of nations,2022,Senegal,Champion,1756.1,12,0.792,1.083,1.917,0.833,1477.428,0,B,1557.732,1756.1,198.367,1.0
african cup of nations,2022,Egypt,Runner-up,1712.86,12,0.75,1.167,1.75,0.583,1546.239,1,D,1570.192,1712.86,142.667,1.0
african cup of nations,2022,Burkina Faso,Semi-Finalist,1639.18,12,0.625,0.833,1.417,0.583,1496.028,2,A,1591.898,1684.06,47.283,2.0
african cup of nations,2022,Cameroon,Semi-Finalist,1684.06,12,0.75,1.083,1.667,0.583,1540.559,2,A,1591.898,1684.06,92.162,1.0
african cup of nations,2022,Equatorial Guinea,Quarter-Finalist,1496.54,12,0.583,0.083,1.083,1.0,1563.792,3,E,1622.798,1827.75,-126.258,3.0
african cup of nations,2022,Gambia,Quarter-Finalist,1479.93,12,0.542,0.083,1.083,1.0,1491.595,3,F,1577.898,1697.44,-97.967,3.0
african cup of nations,2022,Morocco,Quarter-Finalist,1746.76,12,0.958,2.5,2.75,0.25,1573.748,3,C,1587.028,1746.76,159.733,1.0
african cup of nations,2022,Tunisia,Quarter-Finalist,1697.44,12,0.708,1.0,1.667,0.667,1566.472,3,F,1577.898,1697.44,119.543,1.0
african cup of nations,2022,Cape Verde,Round of 16,1569.8,12,0.583,0.167,1.083,0.917,1534.103,4,A,1591.898,1684.06,-22.098,3.0
african cup of nations,2022,Comoros,Round of 16,1440.4,12,0.625,0.25,1.417,1.167,1497.259,4,C,1587.028,1746.76,-146.627,4.0
african cup of nations,2022,Gabon,Round of 16,1495.37,12,0.417,-0.25,1.167,1.417,1524.282,4,C,1587.028,1746.76,-91.658,3.0
african cup of nations,2022,Guinea,Round of 16,1543.19,12,0.458,-0.583,0.917,1.5,1509.526,4,B,1557.732,1756.1,-14.543,2.0
african cup of nations,2022,Ivory Coast,Round of 16,1693.46,12,0.792,1.167,1.75,0.583,1520.302,4,E,1622.798,1827.75,70.662,2.0
african cup of nations,2022,Malawi,Round of 16,1444.73,12,0.25,-1.167,0.667,1.833,1558.648,4,B,1557.732,1756.1,-113.003,4.0
african cup of nations,2022,Mali,Round of 16,1656.01,12,0.667,1.0,1.417,0.417,1538.302,4,F,1577.898,1697.44,78.112,2.0
african cup of nations,2022,Nigeria,Round of 16,1682.42,12,0.625,0.417,1.083,0.667,1535.24,4,D,1570.192,1712.86,112.227,2.0
african cup of nations,2022,Algeria,Group Stage,1827.75,12,0.833,2.083,2.75,0.667,1553.353,5,E,1622.798,1827.75,204.952,1.0
african cup of nations,2022,Ethiopia,Group Stage,1474.55,12,0.542,0.417,1.5,1.083,1554.572,5,A,1591.898,1684.06,-117.348,4.0
african cup of nations,2022,Ghana,Group Stage,1665.58,12,0.542,0.083,0.917,0.833,1552.167,5,C,1587.028,1746.76,78.553,2.0
african cup of nations,2022,Guinea-Bissau,Group Stage,1474.58,12,0.458,-0.333,1.167,1.5,1548.228,5,D,1570.192,1712.86,-95.613,3.0
african cup of nations,2022,Mauritania,Group Stage,1478.21,12,0.333,-0.917,0.667,1.583,1565.824,5,F,1577.898,1697.44,-99.688,4.0
african cup of nations,2022,Sierra Leone,Group Stage,1473.44,12,0.417,-0.25,0.833,1.083,1492.699,5,E,1622.798,1827.75,-149.358,4.0
african cup of nations,2022,Sudan,Group Stage,1410.91,12,0.25,-1.25,0.833,2.083,1567.012,5,D,1570.192,1712.86,-159.283,4.0
african cup of nations,2022,Zimbabwe,Group Stage,1486.91,12,0.208,-0.833,0.417,1.25,1545.423,5,B,1557.732,1756.1,-70.822,3.0
fifa world cup,2022,Argentina,Champion,1993.29,12,0.917,2.167,2.333,0.167,1712.438,0,C,1774.572,1993.29,218.717,1.0
fifa world cup,2022,France,Runner-up,1895.08,12,0.667,1.333,2.25,0.917,1718.179,1,D,1809.817,1895.08,85.263,1.0
fifa world cup,2022,Croatia,Semi-Finalist,1816.04,12,0.792,0.917,1.833,0.917,1678.326,2,F,1801.742,1877.51,14.297,2.0
fifa world cup,2022,Morocco,Semi-Finalist,1760.96,12,0.708,0.833,1.75,0.917,1588.492,2,F,1801.742,1877.51,-40.783,3.0
fifa world cup,2022,Brazil,Quarter-Finalist,2032.93,12,0.875,2.333,2.667,0.333,1771.921,3,H,1817.248,2032.93,215.683,1.0
fifa world cup,2022,England,Quarter-Finalist,1845.6,12,0.583,1.5,2.5,1.0,1613.653,3,B,1783.118,1845.6,62.482,1.0
fifa world cup,2022,Netherlands,Quarter-Finalist,1882.8,12,0.875,1.583,2.5,0.917,1666.278,3,A,1771.528,1882.8,111.273,1.0
fifa world cup,2022,Portugal,Quarter-Finalist,1868.97,12,0.667,1.667,2.167,0.5,1702.359,3,G,1797.548,1868.97,71.422,1.0
fifa world cup,2022,Australia,Round of 16,1756.12,12,0.583,0.417,1.25,0.833,1656.363,4,D,1809.817,1895.08,-53.697,3.0
fifa world cup,2022,Japan,Round of 16,1770.25,12,0.625,1.167,1.917,0.75,1695.054,4,E,1820.46,1928.92,-50.21,3.0
fifa world cup,2022,Poland,Round of 16,1722.35,12,0.583,0.0,1.333,1.333,1693.267,4,C,1774.572,1993.29,-52.223,3.0
fifa world cup,2022,Senegal,Round of 16,1746.92,12,0.667,0.667,1.583,0.917,1603.225,4,A,1771.528,1882.8,-24.607,3.0
fifa world cup,2022,South Korea,Round of 16,1791.96,12,0.667,0.583,1.75,1.167,1690.022,4,G,1797.548,1868.97,-5.588,3.0
fifa world cup,2022,Spain,Round of 16,1928.92,12,0.75,1.0,1.75,0.75,1734.198,4,E,1820.46,1928.92,108.46,1.0
fifa world cup,2022,Switzerland,Round of 16,1780.41,12,0.5,0.167,1.417,1.25,1732.365,4,H,1817.248,2032.93,-36.837,3.0
fifa world cup,2022,United States,Round of 16,1786.14,12,0.583,0.833,1.5,0.667,1655.257,4,B,1783.118,1845.6,3.023,3.0
fifa world cup,2022,Belgium,Group Stage,1877.51,12,0.542,0.5,1.833,1.333,1710.921,5,F,1801.742,1877.51,75.767,1.0
fifa world cup,2022,Cameroon,Group Stage,1664.95,12,0.542,0.083,1.083,1.0,1634.866,5,H,1817.248,2032.93,-152.297,4.0
fifa world cup,2022,Canada,Group Stage,1752.46,12,0.625,1.0,1.75,0.75,1643.498,5,F,1801.742,1877.51,-49.283,4.0
fifa world cup,2022,Costa Rica,Group Stage,1735.75,12,0.833,0.833,1.333,0.5,1679.921,5,E,1820.46,1928.92,-84.71,4.0
fifa world cup,2022,Denmark,Group Stage,1834.05,12,0.667,0.833,1.833,1.0,1679.457,5,D,1809.817,1895.08,24.233,2.0
fifa world cup,2022,Ecuador,Group Stage,1777.37,12,0.583,0.167,0.75,0.583,1741.201,5,A,1771.528,1882.8,5.842,2.0
fifa world cup,2022,Germany,Group Stage,1846.92,12,0.708,1.75,2.667,0.917,1665.19,5,E,1820.46,1928.92,26.46,2.0
fifa world cup,2022,Ghana,Group Stage,1662.48,12,0.458,-0.167,1.0,1.167,1638.721,5,G,1797.548,1868.97,-135.068,4.0
fifa world cup,2022,Iran,Group Stage,1815.75,12,0.667,0.417,1.167,0.75,1658.52,5,B,1783.118,1845.6,32.632,2.0
fifa world cup,2022,Mexico,Group Stage,1742.07,12,0.542,0.417,1.333,0.917,1683.812,5,C,1774.572,1993.29,-32.503,2.0
fifa world cup,2022,Qatar,Group Stage,1679.02,12,0.708,0.917,1.583,0.667,1632.948,5,A,1771.528,1882.8,-92.507,4.0
fifa world cup,2022,Saudi Arabia,Group Stage,1640.58,12,0.5,0.0,0.5,0.5,1664.089,5,C,1774.572,1993.29,-133.993,4.0
fifa world cup,2022,Serbia,Group Stage,1790.7,12,0.792,1.417,2.333,0.917,1647.587,5,H,1817.248,2032.93,-26.547,2.0
fifa world cup,2022,Tunisia,Group Stage,1754.02,12,0.667,0.667,1.25,0.583,1661.513,5,D,1809.817,1895.08,-55.797,4.0
fifa world cup,2022,Uruguay,Group Stage,1866.78,12,0.625,0.75,1.583,0.833,1773.338,5,G,1797.548,1868.97,69.232,2.0
fifa world cup,2022,Wales,Group Stage,1684.98,12,0.458,0.167,1.417,1.25,1733.314,5,B,1783.118,1845.6,-98.138,4.0
gold cup,2023,Mexico,Champion,1759.53,12,0.583,0.333,1.417,1.083,1691.106,0,B,1633.928,1759.53,125.602,1.0
gold cup,2023,Panama,Runner-up,1670.92,12,0.458,-0.167,1.0,1.167,1669.035,1,C,1596.41,1687.65,74.51,2.0
gold cup,2023,Jamaica,Semi-Finalist,1554.13,12,0.375,-0.583,1.0,1.583,1645.789,2,A,1581.615,1797.67,-27.485,2.0
gold cup,2023,United States,Semi-Finalist,1797.67,12,0.625,0.833,1.5,0.667,1719.023,2,A,1581.615,1797.67,216.055,1.0
gold cup,2023,Canada,Quarter-Finalist,1743.49,12,0.458,0.0,1.417,1.417,1700.137,3,D,1574.77,1743.49,168.72,1.0
gold cup,2023,Costa Rica,Quarter-Finalist,1687.65,12,0.5,-0.583,1.083,1.667,1694.942,3,C,1596.41,1687.65,91.24,1.0
gold cup,2023,Guatemala,Quarter-Finalist,1587.97,12,0.458,0.0,1.25,1.25,1594.562,3,D,1574.77,1743.49,13.2,2.0
gold cup,2023,Qatar,Quarter-Finalist,1628.93,12,0.542,0.0,1.167,1.167,1627.382,3,B,1633.928,1759.53,-4.997,2.0
gold cup,2023,Cuba,Round of 16,1494.77,12,0.625,0.583,1.583,1.0,1480.046,4,D,1574.77,1743.49,-80.0,3.0
gold cup,2023,El Salvador,Round of 16,1504.82,12,0.208,-1.417,0.75,2.167,1635.62,4,C,1596.41,1687.65,-91.59,4.0
gold cup,2023,Guadeloupe,Round of 16,1472.85,12,0.417,0.083,1.25,1.167,1464.088,4,D,1574.77,1743.49,-101.92,4.0
gold cup,2023,Haiti,Round of 16,1611.23,12,0.667,0.917,2.417,1.5,1509.705,4,B,1633.928,1759.53,-22.697,3.0
gold cup,2023,Honduras,Round of 16,1536.02,12,0.375,-0.583,0.75,1.333,1664.727,4,B,1633.928,1759.53,-97.908,4.0
gold cup,2023,Martinique,Round of 16,1522.25,12,0.292,-1.167,1.0,2.167,1610.192,4,C,1596.41,1687.65,-74.16,3.0
gold cup,2023,Saint Kitts and Nevis,Round of 16,1440.73,12,0.542,0.25,1.5,1.25,1405.364,4,A,1581.615,1797.67,-140.885,4.0
gold cup,2023,Trinidad and Tobago,Round of 16,1533.93,12,0.625,0.667,1.333,0.667,1471.684,4,A,1581.615,1797.67,-47.685,3.0
afc asian cup,2024,Qatar,Champion,1605.58,12,0.458,0.333,1.667,1.333,1597.219,0,A,1523.165,1605.58,82.415,1.0
afc asian cup,2024,Jordan,Runner-up,1617.88,12,0.458,-0.667,1.417,2.083,1616.975,1,E,1615.25,1788.95,2.63,2.0
afc asian cup,2024,Iran,Semi-Finalist,1833.96,12,0.833,2.083,2.75,0.667,1548.738,2,C,1575.742,1833.96,258.217,1.0
afc asian cup,2024,South Korea,Semi-Finalist,1788.95,12,0.625,1.25,2.083,0.833,1683.853,2,E,1615.25,1788.95,173.7,1.0
afc asian cup,2024,Australia,Quarter-Finalist,1788.93,12,0.625,0.917,1.75,0.833,1727.481,3,B,1606.48,1788.93,182.45,1.0
afc asian cup,2024,Japan,Quarter-Finalist,1832.46,12,0.833,3.0,3.833,0.833,1663.833,3,D,1612.808,1832.46,219.653,1.0
afc asian cup,2024,Tajikistan,Quarter-Finalist,1520.48,12,0.583,0.333,1.417,1.083,1497.066,3,A,1523.165,1605.58,-2.685,3.0
afc asian cup,2024,Uzbekistan,Quarter-Finalist,1695.64,12,0.708,0.917,2.0,1.083,1632.425,3,B,1606.48,1788.93,89.16,2.0
afc asian cup,2024,Bahrain,Round of 16,1517.1,12,0.417,-0.417,0.833,1.25,1503.511,4,E,1615.25,1788.95,-98.15,4.0
afc asian cup,2024,Indonesia,Round of 16,1440.6,12,0.458,0.0,1.833,1.833,1498.053,4,D,1612.808,1832.46,-172.207,4.0
afc asian cup,2024,Iraq,Round of 16,1655.19,12,0.625,0.833,1.833,1.0,1602.803,4,D,1612.808,1832.46,42.383,2.0
afc asian cup,2024,Palestine,Round of 16,1535.47,12,0.458,0.333,1.083,0.75,1529.416,4,C,1575.742,1833.96,-40.273,3.0
afc asian cup,2024,Saudi Arabia,Round of 16,1595.41,12,0.417,0.083,1.333,1.25,1564.305,4,F,1558.275,1670.46,37.135,2.0
afc asian cup,2024,Syria,Round of 16,1492.84,12,0.375,-0.5,1.0,1.5,1571.192,4,B,1606.48,1788.93,-113.64,3.0
afc asian cup,2024,Thailand,Round of 16,1520.7,12,0.458,-1.083,1.167,2.25,1513.125,4,F,1558.275,1670.46,-37.575,3.0
afc asian cup,2024,United Arab Emirates,Round of 16,1587.29,12,0.667,0.917,1.5,0.583,1519.062,4,C,1575.742,1833.96,11.547,2.0
afc asian cup,2024,China PR,Group Stage,1526.15,12,0.5,0.25,1.25,1.0,1522.023,5,A,1523.165,1605.58,2.985,2.0
afc asian cup,2024,Hong Kong,Group Stage,1346.25,12,0.333,0.167,1.667,1.5,1411.92,5,C,1575.742,1833.96,-229.493,4.0
afc asian cup,2024,India,Group Stage,1448.51,12,0.583,0.25,1.167,0.917,1445.549,5,B,1606.48,1788.93,-157.97,4.0
afc asian cup,2024,Kyrgyzstan,Group Stage,1446.53,12,0.333,-0.667,1.083,1.75,1534.153,5,F,1558.275,1670.46,-111.745,4.0
afc asian cup,2024,Lebanon,Group Stage,1440.45,12,0.458,0.083,1.083,1.0,1427.402,5,A,1523.165,1605.58,-82.715,4.0
afc asian cup,2024,Malaysia,Group Stage,1537.07,12,0.792,1.583,2.667,1.083,1469.578,5,E,1615.25,1788.95,-78.18,3.0
afc asian cup,2024,Oman,Group Stage,1670.46,12,0.625,0.167,1.25,1.083,1534.46,5,F,1558.275,1670.46,112.185,1.0
afc asian cup,2024,Vietnam,Group Stage,1522.98,12,0.458,-0.417,0.917,1.333,1530.001,5,D,1612.808,1832.46,-89.827,3.0
african cup of nations,2024,Ivory Coast,Champion,1694.16,12,0.75,1.833,2.667,0.833,1497.941,0,A,1597.162,1694.16,96.998,1.0
african cup of nations,2024,Nigeria,Runner-up,1625.87,12,0.458,-0.083,1.5,1.583,1546.403,1,A,1597.162,1694.16,28.707,2.0
african cup of nations,2024,DR Congo,Semi-Finalist,1529.92,12,0.583,0.5,1.083,0.583,1521.846,2,F,1597.14,1798.56,-67.22,3.0
african cup of nations,2024,South Africa,Semi-Finalist,1578.38,12,0.583,0.083,0.833,0.75,1491.258,2,E,1634.585,1768.39,-56.205,3.0
african cup of nations,2024,Angola,Quarter-Finalist,1518.83,12,0.542,0.083,0.917,0.833,1476.073,3,D,1631.208,1821.74,-112.378,4.0
african cup of nations,2024,Cape Verde,Quarter-Finalist,1581.94,12,0.458,-0.25,1.0,1.25,1594.806,3,B,1610.932,1764.39,-28.992,3.0
african cup of nations,2024,Guinea,Quarter-Finalist,1562.73,12,0.5,-0.083,1.333,1.417,1603.289,3,C,1622.97,1766.02,-60.24,3.0
african cup of nations,2024,Mali,Quarter-Finalist,1686.89,12,0.833,1.583,2.25,0.667,1483.169,3,E,1634.585,1768.39,52.305,2.0
african cup of nations,2024,Burkina Faso,Round of 16,1661.55,12,0.583,0.25,1.167,0.917,1571.63,4,D,1631.208,1821.74,30.342,2.0
african cup of nations,2024,Cameroon,Round of 16,1652.51,12,0.458,0.25,1.333,1.083,1638.021,4,C,1622.97,1766.02,29.54,2.0
african cup of nations,2024,Egypt,Round of 16,1764.39,12,0.875,1.75,2.25,0.5,1531.807,4,B,1610.932,1764.39,153.458,1.0
african cup of nations,2024,Equatorial Guinea,Round of 16,1569.32,12,0.708,0.333,1.167,0.833,1486.62,4,A,1597.162,1694.16,-27.842,3.0
african cup of nations,2024,Mauritania,Round of 16,1522.71,12,0.583,0.25,1.083,0.833,1523.674,4,D,1631.208,1821.74,-108.497,3.0
african cup of nations,2024,Morocco,Round of 16,1798.56,12,0.625,0.5,1.25,0.75,1688.761,4,F,1597.14,1798.56,201.42,1.0
african cup of nations,2024,Namibia,Round of 16,1504.68,12,0.458,0.0,0.833,0.833,1532.535,4,E,1634.585,1768.39,-129.905,4.0
african cup of nations,2024,Senegal,Round of 16,1766.02,12,0.708,0.833,1.667,0.833,1590.327,4,C,1622.97,1766.02,143.05,1.0
african cup of nations,2024,Algeria,Group Stage,1821.74,12,0.875,1.583,2.083,0.5,1513.605,5,D,1631.208,1821.74,190.533,1.0
african cup of nations,2024,Gambia,Group Stage,1510.62,12,0.5,-0.167,1.083,1.25,1477.233,5,C,1622.97,1766.02,-112.35,4.0
african cup of nations,2024,Ghana,Group Stage,1632.11,12,0.542,-0.25,0.917,1.167,1563.573,5,B,1610.932,1764.39,21.178,2.0
african cup of nations,2024,Guinea-Bissau,Group Stage,1499.3,12,0.542,0.0,1.333,1.333,1500.507,5,A,1597.162,1694.16,-97.862,4.0
african cup of nations,2024,Mozambique,Group Stage,1465.29,12,0.583,0.25,1.417,1.167,1486.659,5,B,1610.932,1764.39,-145.642,4.0
african cup of nations,2024,Tanzania,Group Stage,1472.89,12,0.458,-0.333,0.583,0.917,1552.183,5,F,1597.14,1798.56,-124.25,4.0
african cup of nations,2024,Tunisia,Group Stage,1768.39,12,0.75,1.0,1.583,0.583,1588.148,5,E,1634.585,1768.39,133.805,1.0
african cup of nations,2024,Zambia,Group Stage,1587.19,12,0.667,0.833,1.833,1.0,1485.702,5,F,1597.14,1798.56,-9.95,2.0
copa américa,2024,Argentina,Champion,2015.89,12,0.917,1.583,1.917,0.333,1696.989,0,A,1801.598,2015.89,214.293,1.0
copa américa,2024,Colombia,Runner-up,1969.25,12,0.875,1.25,1.917,0.667,1764.622,1,D,1819.442,1969.25,149.807,1.0
copa américa,2024,Canada,Semi-Finalist,1731.75,12,0.5,-0.25,1.417,1.667,1682.957,2,A,1801.598,2015.89,-69.848,3.0
copa américa,2024,Uruguay,Semi-Finalist,1904.8,12,0.75,1.417,2.167,0.75,1731.284,2,C,1726.675,1904.8,178.125,1.0
copa américa,2024,Brazil,Quarter-Finalist,1953.69,12,0.542,0.333,1.833,1.5,1788.071,3,D,1819.442,1969.25,134.247,2.0
copa américa,2024,Ecuador,Quarter-Finalist,1813.41,12,0.667,0.5,1.25,0.75,1751.373,3,B,1737.61,1813.41,75.8,1.0
copa américa,2024,Panama,Quarter-Finalist,1709.11,12,0.708,1.0,1.833,0.833,1578.374,3,C,1726.675,1904.8,-17.565,3.0
copa américa,2024,Venezuela,Quarter-Finalist,1730.35,12,0.625,0.417,1.0,0.583,1721.153,3,B,1737.61,1813.41,-7.26,3.0
copa américa,2024,Bolivia,Round of 16,1540.61,12,0.167,-1.417,0.75,2.167,1775.879,4,C,1726.675,1904.8,-186.065,4.0
copa américa,2024,Chile,Round of 16,1717.0,12,0.542,0.75,1.583,0.833,1704.914,4,A,1801.598,2015.89,-84.598,4.0
copa américa,2024,Costa Rica,Round of 16,1658.42,12,0.542,0.25,2.0,1.75,1625.862,4,D,1819.442,1969.25,-161.023,4.0
copa américa,2024,Jamaica,Round of 16,1667.03,12,0.708,0.5,1.667,1.167,1576.778,4,B,1737.61,1813.41,-70.58,4.0
copa américa,2024,Mexico,Round of 16,1739.65,12,0.458,-0.167,1.583,1.75,1738.148,4,B,1737.61,1813.41,2.04,2.0
copa américa,2024,Paraguay,Round of 16,1696.41,12,0.375,-0.417,0.5,0.917,1738.771,4,D,1819.442,1969.25,-123.033,3.0
copa américa,2024,Peru,Round of 16,1741.75,12,0.458,-0.25,0.833,1.083,1690.522,4,A,1801.598,2015.89,-59.848,2.0
copa américa,2024,United States,Round of 16,1752.18,12,0.583,0.833,2.0,1.167,1713.307,4,C,1726.675,1904.8,25.505,2.0
uefa euro,2024,Spain,Champion,1908.3,12,0.833,2.333,3.083,0.75,1628.429,0,B,1793.205,1908.3,115.095,1.0
uefa euro,2024,England,Runner-up,1848.79,12,0.708,1.583,2.25,0.667,1633.773,1,C,1766.597,1848.79,82.193,1.0
uefa euro,2024,France,Semi-Finalist,1914.59,12,0.75,2.083,2.917,0.833,1606.604,2,D,1813.712,1914.59,100.877,1.0
uefa euro,2024,Netherlands,Semi-Finalist,1864.35,12,0.667,1.583,2.583,1.0,1669.797,2,D,1813.712,1914.59,50.637,2.0
uefa euro,2024,Germany,Quarter-Finalist,1817.96,12,0.5,-0.167,1.333,1.5,1794.99,3,A,1737.87,1817.96,80.09,1.0
uefa euro,2024,Portugal,Quarter-Finalist,1863.33,12,0.833,2.167,3.0,0.833,1547.853,3,F,1721.455,1863.33,141.875,1.0
uefa euro,2024,Switzerland,Quarter-Finalist,1754.24,12,0.625,0.667,1.667,1.0,1499.634,3,A,1737.87,1817.96,16.37,2.0
uefa euro,2024,Turkey,Quarter-Finalist,1694.41,12,0.542,0.0,1.583,1.583,1668.286,3,F,1721.455,1863.33,-27.045,3.0
uefa euro,2024,Austria,Round of 16,1768.49,12,0.792,1.333,2.083,0.75,1668.736,4,D,1813.712,1914.59,-45.223,3.0
uefa euro,2024,Belgium,Round of 16,1899.26,12,0.833,1.75,2.25,0.5,1588.058,4,E,1716.062,1899.26,183.198,1.0
uefa euro,2024,Denmark,Round of 16,1789.23,12,0.833,1.083,1.75,0.667,1463.347,4,C,1766.597,1848.79,22.633,2.0
uefa euro,2024,Georgia,Round of 16,1613.86,12,0.542,0.5,2.083,1.583,1622.429,4,F,1721.455,1863.33,-107.595,4.0
uefa euro,2024,Italy,Round of 16,1865.67,12,0.708,0.833,1.833,1.0,1689.2,4,B,1793.205,1908.3,72.465,2.0
uefa euro,2024,Romania,Round of 16,1590.31,12,0.625,0.583,1.25,0.667,1514.269,4,E,1716.062,1899.26,-125.753,4.0
uefa euro,2024,Slovakia,Round of 16,1619.83,12,0.708,1.083,2.0,0.917,1493.303,4,E,1716.062,1899.26,-96.233,3.0
uefa euro,2024,Slovenia,Round of 16,1671.31,12,0.792,1.167,2.0,0.833,1537.03,4,C,1766.597,1848.79,-95.287,4.0
uefa euro,2024,Albania,Group Stage,1536.13,12,0.708,1.0,1.667,0.667,1471.752,5,B,1793.205,1908.3,-257.075,4.0
uefa euro,2024,Croatia,Group Stage,1862.72,12,0.75,1.25,1.917,0.667,1635.137,5,B,1793.205,1908.3,69.515,3.0
uefa euro,2024,Czech Republic,Group Stage,1714.22,12,0.792,1.333,2.25,0.917,1485.312,5,F,1721.455,1863.33,-7.235,2.0
uefa euro,2024,Hungary,Group Stage,1717.55,12,0.75,0.917,1.75,0.833,1554.396,5,A,1737.87,1817.96,-20.32,3.0
uefa euro,2024,Poland,Group Stage,1707.42,12,0.708,0.917,1.75,0.833,1508.87,5,D,1813.712,1914.59,-106.293,4.0
uefa euro,2024,Scotland,Group Stage,1661.73,12,0.458,-0.333,1.5,1.833,1643.415,5,A,1737.87,1817.96,-76.14,4.0
uefa euro,2024,Serbia,Group Stage,1757.06,12,0.583,0.583,1.75,1.167,1585.942,5,C,1766.597,1848.79,-9.537,3.0
uefa euro,2024,Ukraine,Group Stage,1754.85,12,0.708,0.75,1.667,0.917,1595.582,5,E,1716.062,1899.26,38.787,2.0
gold cup,2025,Mexico,Champion,1767.8,12,0.667,0.75,1.417,0.667,1712.744,0,A,1620.442,1767.8,147.358,1.0
gold cup,2025,United States,Runner-up,1674.21,12,0.458,0.0,1.417,1.417,1712.453,1,B,1623.815,1674.21,50.395,1.0
gold cup,2025,Guatemala,Semi-Finalist,1575.62,12,0.542,0.167,1.5,1.333,1580.963,2,C,1617.03,1714.27,-41.41,3.0
gold cup,2025,Honduras,Semi-Finalist,1591.35,12,0.625,0.917,2.333,1.417,1574.293,2,D,1592.845,1786.78,-1.495,2.0
gold cup,2025,Canada,Quarter-Finalist,1786.78,12,0.667,0.417,1.417,1.0,1733.25,3,D,1592.845,1786.78,193.935,1.0
gold cup,2025,Costa Rica,Quarter-Finalist,1677.31,12,0.583,1.0,2.0,1.0,1641.063,3,A,1620.442,1767.8,56.868,2.0
gold cup,2025,Panama,Quarter-Finalist,1714.27,12,0.375,-1.0,1.083,2.083,1739.789,3,C,1617.03,1714.27,97.24,1.0
gold cup,2025,Saudi Arabia,Quarter-Finalist,1629.72,12,0.542,0.25,1.25,1.0,1613.246,3,B,1623.815,1674.21,5.905,3.0
gold cup,2025,Curaçao,Round of 16,1475.12,12,0.708,1.417,2.333,0.917,1379.635,4,D,1592.845,1786.78,-117.725,4.0
gold cup,2025,Dominican Republic,Round of 16,1496.54,12,0.792,2.25,3.167,0.917,1397.893,4,A,1620.442,1767.8,-123.902,4.0
gold cup,2025,El Salvador,Round of 16,1518.13,12,0.708,0.667,1.5,0.833,1440.748,4,D,1592.845,1786.78,-74.715,3.0
gold cup,2025,Guadeloupe,Round of 16,1546.59,12,0.708,1.167,1.667,0.5,1445.378,4,C,1617.03,1714.27,-70.44,4.0
gold cup,2025,Haiti,Round of 16,1643.08,12,0.833,2.417,3.5,1.083,1406.602,4,B,1623.815,1674.21,19.265,2.0
gold cup,2025,Jamaica,Round of 16,1631.64,12,0.625,0.417,1.417,1.0,1556.637,4,C,1617.03,1714.27,14.61,2.0
gold cup,2025,Suriname,Round of 16,1540.12,12,0.667,1.167,2.0,0.833,1509.512,4,A,1620.442,1767.8,-80.322,3.0
gold cup,2025,Trinidad and Tobago,Round of 16,1548.25,12,0.5,0.25,1.917,1.667,1503.155,4,B,1623.815,1674.21,-75.565,4.0
